<?xml version="1.0" encoding="UTF-8"?>
<project-private xmlns="http://www.netbeans.org/ns/project-private/1">
    <editor-bookmarks xmlns="http://www.netbeans.org/ns/editor-bookmarks/2" lastBookmarkId="0"/>
    <open-files xmlns="http://www.netbeans.org/ns/projectui-open-files/2">
        <group>
            <file>file:/J:/GRAD%20Lab/lab1JPWP/z6/pcCR.php</file>
            <file>file:/J:/GRAD%20Lab/lab1JPWP/z6/pcCM.php</file>
            <file>file:/J:/GRAD%20Lab/lab1JPWP/z6/x360.php</file>
            <file>file:/J:/GRAD%20Lab/lab1JPWP/z6/header.php</file>
            <file>file:/J:/GRAD%20Lab/lab1JPWP/z6/addA.php</file>
            <file>file:/J:/GRAD%20Lab/lab1JPWP/z6/login.php</file>
            <file>file:/J:/GRAD%20Lab/lab1JPWP/z6/login2.php</file>
            <file>file:/J:/GRAD%20Lab/lab1JPWP/z6/index.php</file>
            <file>file:/J:/GRAD%20Lab/lab1JPWP/z6/css/style.css</file>
            <file>file:/J:/GRAD%20Lab/lab1JPWP/z6/ps3.php</file>
            <file>file:/J:/GRAD%20Lab/lab1JPWP/z6/registerok.php</file>
            <file>file:/J:/GRAD%20Lab/lab1JPWP/z6/register.php</file>
            <file>file:/J:/GRAD%20Lab/lab1JPWP/z6/footer.php</file>
            <file>file:/J:/GRAD%20Lab/lab1JPWP/z6/functions.php</file>
            <file>file:/J:/GRAD%20Lab/lab1JPWP/z6/footerE.php</file>
            <file>file:/J:/GRAD%20Lab/lab1JPWP/z6/xOne.php</file>
            <file>file:/J:/GRAD%20Lab/lab1JPWP/z6/add.php</file>
            <file>file:/J:/GRAD%20Lab/lab1JPWP/z6/ep.php</file>
            <file>file:/J:/GRAD%20Lab/lab1JPWP/z6/ps4.php</file>
            <file>file:/J:/GRAD%20Lab/lab1JPWP/z6/pcD.php</file>
            <file>file:/J:/GRAD%20Lab/lab1JPWP/z6/user.class2.php</file>
            <file>file:/J:/GRAD%20Lab/lab1JPWP/z6/logout.php</file>
            <file>file:/J:/GRAD%20Lab/lab1JPWP/z6/footer3.php</file>
            <file>file:/J:/GRAD%20Lab/lab1JPWP/z6/pcF.php</file>
            <file>file:/J:/GRAD%20Lab/lab1JPWP/z6/editprofile.php</file>
            <file>file:/J:/GRAD%20Lab/lab1JPWP/z6/confdb.php</file>
            <file>file:/J:/GRAD%20Lab/lab1JPWP/z6/pcN.php</file>
            <file>file:/J:/GRAD%20Lab/lab1JPWP/z6/footerP.php</file>
            <file>file:/J:/GRAD%20Lab/lab1JPWP/z6/title_bar.php</file>
            <file>file:/J:/GRAD%20Lab/lab1JPWP/z6/pc.php</file>
            <file>file:/J:/GRAD%20Lab/lab1JPWP/z6/footer2.php</file>
        </group>
    </open-files>
</project-private>
