<?xml version="1.0" encoding="UTF-8"?>
<project-private xmlns="http://www.netbeans.org/ns/project-private/1">
    <editor-bookmarks xmlns="http://www.netbeans.org/ns/editor-bookmarks/2" lastBookmarkId="0"/>
    <open-files xmlns="http://www.netbeans.org/ns/projectui-open-files/2">
        <group>
            <file>file:/J:/GRAD%20Lab/lab1JPWP/z3/confdb.php</file>
            <file>file:/J:/GRAD%20Lab/lab1JPWP/z3/footer.php</file>
            <file>file:/J:/GRAD%20Lab/lab1JPWP/z3/profil.php</file>
            <file>file:/J:/GRAD%20Lab/lab1JPWP/z3/logout.php</file>
            <file>file:/J:/GRAD%20Lab/lab1JPWP/z3/header.php</file>
            <file>file:/J:/GRAD%20Lab/lab1JPWP/z3/title_bar.php</file>
            <file>file:/J:/GRAD%20Lab/lab1JPWP/z3/index.php</file>
            <file>file:/J:/GRAD%20Lab/lab1JPWP/z3/login.php</file>
            <file>file:/J:/GRAD%20Lab/lab1JPWP/z3/user.class2.php</file>
            <file>file:/J:/GRAD%20Lab/lab1JPWP/z3/footer2.php</file>
            <file>file:/J:/GRAD%20Lab/lab1JPWP/z3/login2.php</file>
            <file>file:/J:/GRAD%20Lab/lab1JPWP/z3/functions.php</file>
        </group>
    </open-files>
</project-private>
