<?xml version="1.0" encoding="UTF-8"?>
<project-private xmlns="http://www.netbeans.org/ns/project-private/1">
    <editor-bookmarks xmlns="http://www.netbeans.org/ns/editor-bookmarks/2" lastBookmarkId="0"/>
    <open-files xmlns="http://www.netbeans.org/ns/projectui-open-files/2">
        <group>
            <file>file:/J:/GRAD%20Lab/LAB/z12/odbierz.php</file>
            <file>file:/J:/GRAD%20Lab/LAB/z12/login.php</file>
            <file>file:/J:/GRAD%20Lab/LAB/z12/podkatalog.php</file>
            <file>file:/J:/GRAD%20Lab/LAB/z12/createF.php</file>
            <file>file:/J:/GRAD%20Lab/LAB/z12/confdb.php</file>
            <file>file:/J:/GRAD%20Lab/LAB/z12/css/style.css</file>
            <file>file:/J:/GRAD%20Lab/LAB/z12/register.php</file>
            <file>file:/J:/GRAD%20Lab/LAB/z12/registerok.php</file>
            <file>file:/J:/GRAD%20Lab/LAB/z12/user.class2.php</file>
            <file>file:/J:/GRAD%20Lab/LAB/z12/index.php</file>
            <file>file:/J:/GRAD%20Lab/LAB/z12/logout.php</file>
            <file>file:/J:/GRAD%20Lab/LAB/z12/dysk.php</file>
            <file>file:/J:/GRAD%20Lab/LAB/z12/odbierzp.php</file>
            <file>file:/J:/GRAD%20Lab/LAB/z12/ftp_get.txt</file>
            <file>file:/J:/GRAD%20Lab/LAB/z12/functions.php</file>
            <file>file:/J:/GRAD%20Lab/LAB/z12/login2.php</file>
        </group>
    </open-files>
</project-private>
