<?xml version="1.0" encoding="UTF-8"?>
<project-private xmlns="http://www.netbeans.org/ns/project-private/1">
    <editor-bookmarks xmlns="http://www.netbeans.org/ns/editor-bookmarks/2" lastBookmarkId="0"/>
    <open-files xmlns="http://www.netbeans.org/ns/projectui-open-files/2">
        <group>
            <file>file:/I:/GRAD%20Lab/LAB/z15/dodk.php</file>
            <file>file:/I:/GRAD%20Lab/LAB/z15/statPiw.php</file>
            <file>file:/I:/GRAD%20Lab/LAB/z15/stan.php</file>
            <file>file:/I:/GRAD%20Lab/LAB/z15/stanK.php</file>
            <file>file:/I:/GRAD%20Lab/LAB/z15/getdata.php</file>
            <file>file:/I:/GRAD%20Lab/LAB/z15/statWK.php</file>
            <file>file:/I:/GRAD%20Lab/LAB/z15/statKiw.php</file>
            <file>file:/I:/GRAD%20Lab/LAB/z15/dodajK.php</file>
            <file>file:/I:/GRAD%20Lab/LAB/z15/rejestrw.php</file>
            <file>file:/I:/GRAD%20Lab/LAB/z15/wyp.php</file>
            <file>file:/I:/GRAD%20Lab/LAB/z15/panelw.php</file>
            <file>file:/I:/GRAD%20Lab/LAB/z15/statAiw.php</file>
            <file>file:/I:/GRAD%20Lab/LAB/z15/rejestracjaw.php</file>
            <file>file:/I:/GRAD%20Lab/LAB/z15/loginp.php</file>
            <file>file:/I:/GRAD%20Lab/LAB/z15/user.class.php</file>
            <file>file:/I:/GRAD%20Lab/LAB/z15/statDK.php</file>
            <file>file:/I:/GRAD%20Lab/LAB/z15/loginpf.php</file>
            <file>file:/I:/GRAD%20Lab/LAB/z15/statCZiw.php</file>
            <file>file:/I:/GRAD%20Lab/LAB/z15/statWszK.php</file>
            <file>file:/I:/GRAD%20Lab/LAB/z15/loginw.php</file>
            <file>file:/I:/GRAD%20Lab/LAB/z15/osw.php</file>
            <file>file:/I:/GRAD%20Lab/LAB/z15/confdb.php</file>
            <file>file:/I:/GRAD%20Lab/LAB/z15/zalogujw.php</file>
            <file>file:/I:/GRAD%20Lab/LAB/z15/css/style.css</file>
            <file>file:/I:/GRAD%20Lab/LAB/z15/mojew.php</file>
            <file>file:/I:/GRAD%20Lab/LAB/z15/stat.php</file>
            <file>file:/I:/GRAD%20Lab/LAB/z15/statGiw.php</file>
            <file>file:/I:/GRAD%20Lab/LAB/z15/index.php</file>
            <file>file:/I:/GRAD%20Lab/LAB/z15/panelp.php</file>
            <file>file:/I:/GRAD%20Lab/LAB/z15/worker.class.php</file>
            <file>file:/I:/GRAD%20Lab/LAB/z15/statWiw.php</file>
        </group>
    </open-files>
</project-private>
