<?xml version="1.0" encoding="UTF-8"?>
<project-private xmlns="http://www.netbeans.org/ns/project-private/1">
    <editor-bookmarks xmlns="http://www.netbeans.org/ns/editor-bookmarks/2" lastBookmarkId="0"/>
    <open-files xmlns="http://www.netbeans.org/ns/projectui-open-files/2">
        <group>
            <file>file:/J:/GRAD%20Lab/LAB/z8/delw.php</file>
            <file>file:/J:/GRAD%20Lab/LAB/z8/rejestracja.html</file>
            <file>file:/J:/GRAD%20Lab/LAB/z8/register.php</file>
            <file>file:/J:/GRAD%20Lab/LAB/z8/index.php</file>
            <file>file:/J:/GRAD%20Lab/LAB/z8/login.php</file>
            <file>file:/J:/GRAD%20Lab/LAB/z8/logout.php</file>
            <file>file:/J:/GRAD%20Lab/LAB/z8/delw2.php</file>
            <file>file:/J:/GRAD%20Lab/LAB/z8/login.html</file>
            <file>file:/J:/GRAD%20Lab/LAB/z8/functions.php</file>
            <file>file:/J:/GRAD%20Lab/LAB/z8/css/style.css</file>
        </group>
    </open-files>
</project-private>
