<?xml version="1.0" encoding="UTF-8"?>
<project-private xmlns="http://www.netbeans.org/ns/project-private/1">
    <editor-bookmarks xmlns="http://www.netbeans.org/ns/editor-bookmarks/2" lastBookmarkId="0"/>
    <open-files xmlns="http://www.netbeans.org/ns/projectui-open-files/2">
        <group>
            <file>file:/J:/GRAD%20Lab/LAB/z11/dns.php</file>
            <file>file:/J:/GRAD%20Lab/LAB/z11/geobd.php</file>
            <file>file:/J:/GRAD%20Lab/LAB/z11/zk.php</file>
            <file>file:/J:/GRAD%20Lab/LAB/z11/geoa.php</file>
            <file>file:/J:/GRAD%20Lab/LAB/z11/ts.php</file>
            <file>file:/J:/GRAD%20Lab/LAB/z11/netstat.php</file>
            <file>file:/J:/GRAD%20Lab/LAB/z11/index.php</file>
        </group>
    </open-files>
</project-private>
