-- phpMyAdmin SQL Dump
-- version home.pl
-- http://www.phpmyadmin.net
--
-- Host: localhost
-- Czas wygenerowania: 09 Lis 2016, 21:37
-- Wersja serwera: 5.5.51-38.1-log
-- Wersja PHP: 5.2.17

SET SQL_MODE="NO_AUTO_VALUE_ON_ZERO";
SET time_zone = "+00:00";


/*!40101 SET @OLD_CHARACTER_SET_CLIENT=@@CHARACTER_SET_CLIENT */;
/*!40101 SET @OLD_CHARACTER_SET_RESULTS=@@CHARACTER_SET_RESULTS */;
/*!40101 SET @OLD_COLLATION_CONNECTION=@@COLLATION_CONNECTION */;
/*!40101 SET NAMES utf8 */;

--
-- Baza danych: `20033357_0000004`
--

-- --------------------------------------------------------

--
-- Struktura tabeli dla tabeli `cennik`
--

CREATE TABLE IF NOT EXISTS `cennik` (
  `ID` int(11) NOT NULL AUTO_INCREMENT,
  `GR` int(11) NOT NULL,
  `USLUGA` varchar(50) NOT NULL,
  `CENA` int(11) NOT NULL,
  `konto` int(10) DEFAULT NULL,
  PRIMARY KEY (`ID`),
  KEY `konto_cennik` (`konto`)
) ENGINE=InnoDB DEFAULT CHARSET=latin2 AUTO_INCREMENT=1 ;

-- --------------------------------------------------------

--
-- Struktura tabeli dla tabeli `konto`
--

CREATE TABLE IF NOT EXISTS `konto` (
  `id` int(11) NOT NULL AUTO_INCREMENT,
  `login` varchar(255) NOT NULL,
  `haslo` varchar(255) NOT NULL,
  PRIMARY KEY (`id`)
) ENGINE=InnoDB  DEFAULT CHARSET=latin2 AUTO_INCREMENT=2 ;

--
-- Zrzut danych tabeli `konto`
--

INSERT INTO `konto` (`id`, `login`, `haslo`) VALUES
(1, 'bielas', 'one23');

-- --------------------------------------------------------

--
-- Struktura tabeli dla tabeli `oferta`
--

CREATE TABLE IF NOT EXISTS `oferta` (
  `ID` int(25) NOT NULL AUTO_INCREMENT,
  `Grupa` int(25) NOT NULL,
  `Usluga` varchar(255) NOT NULL,
  `Cena` int(60) NOT NULL,
  PRIMARY KEY (`ID`)
) ENGINE=InnoDB  DEFAULT CHARSET=latin2 AUTO_INCREMENT=6 ;

--
-- Zrzut danych tabeli `oferta`
--

INSERT INTO `oferta` (`ID`, `Grupa`, `Usluga`, `Cena`) VALUES
(1, 1, 'Jubileusze', 700),
(2, 1, '18-stki', 1100),
(3, 1, 'Gody', 1500),
(4, 3, 'Lekcja gry', 50),
(5, 2, 'Kurs', 350);

-- --------------------------------------------------------

--
-- Struktura tabeli dla tabeli `ogloszenia`
--

CREATE TABLE IF NOT EXISTS `ogloszenia` (
  `id` int(11) NOT NULL AUTO_INCREMENT,
  `imie` varchar(55) NOT NULL,
  `nazwisko` varchar(55) NOT NULL,
  `adres` varchar(89) NOT NULL,
  `VAT` varchar(25) NOT NULL,
  `przesylka` varchar(45) NOT NULL,
  `zdjecie` mediumblob NOT NULL,
  `nazwatowaru` varchar(100) NOT NULL,
  `opis` varchar(255) NOT NULL,
  PRIMARY KEY (`id`)
) ENGINE=InnoDB DEFAULT CHARSET=latin2 AUTO_INCREMENT=1 ;

-- --------------------------------------------------------

--
-- Struktura tabeli dla tabeli `tabela1`
--

CREATE TABLE IF NOT EXISTS `tabela1` (
  `idt` int(11) NOT NULL AUTO_INCREMENT,
  `link` text NOT NULL,
  `galeria` text NOT NULL,
  `komentarz` text NOT NULL,
  PRIMARY KEY (`idt`)
) ENGINE=InnoDB  DEFAULT CHARSET=latin2 AUTO_INCREMENT=30 ;

--
-- Zrzut danych tabeli `tabela1`
--

INSERT INTO `tabela1` (`idt`, `link`, `galeria`, `komentarz`) VALUES
(9, 'FOT99E1.JPG', 'standing', 'KrĂłl CzechosĹowacji'),
(11, 'statek.jpg', 'interesting', 'Statek w DarĹĂłwku'),
(12, 'plaszczka.jpg', 'interesting', 'Co w morzu pĹywa'),
(16, 'don biel.jpg', 'sitting', 'Don Bielone'),
(17, 'sit1.jpg', 'sitting', 'Po dwĂłch polkach...'),
(20, 'per1.jpg', 'perspective', 'Ĺazienki'),
(21, 'per2.jpg', 'perspective', 'GdzieĹ w Warszawie'),
(22, 'Biel MichaĹ.jpg', 'portraits', 'Don Bielone'),
(25, 'P9150073.JPG', 'perspective', 'W-wa'),
(26, 'P9150125.JPG', 'perspective', 'Druga linia metra'),
(27, 'P9150143.JPG', 'perspective', 'Animalsy'),
(28, 'P9150148.JPG', 'perspective', 'Emerytura marzeĹ'),
(29, 'P9150088.JPG', 'perspective', 'Narodowy');

-- --------------------------------------------------------

--
-- Struktura tabeli dla tabeli `wp_1commentmeta`
--

CREATE TABLE IF NOT EXISTS `wp_1commentmeta` (
  `meta_id` bigint(20) unsigned NOT NULL AUTO_INCREMENT,
  `comment_id` bigint(20) unsigned NOT NULL DEFAULT '0',
  `meta_key` varchar(255) COLLATE utf8mb4_unicode_ci DEFAULT NULL,
  `meta_value` longtext COLLATE utf8mb4_unicode_ci,
  PRIMARY KEY (`meta_id`),
  KEY `comment_id` (`comment_id`),
  KEY `meta_key` (`meta_key`(191))
) ENGINE=InnoDB  DEFAULT CHARSET=utf8mb4 COLLATE=utf8mb4_unicode_ci AUTO_INCREMENT=3 ;

-- --------------------------------------------------------

--
-- Struktura tabeli dla tabeli `wp_1comments`
--

CREATE TABLE IF NOT EXISTS `wp_1comments` (
  `comment_ID` bigint(20) unsigned NOT NULL AUTO_INCREMENT,
  `comment_post_ID` bigint(20) unsigned NOT NULL DEFAULT '0',
  `comment_author` tinytext COLLATE utf8mb4_unicode_ci NOT NULL,
  `comment_author_email` varchar(100) COLLATE utf8mb4_unicode_ci NOT NULL DEFAULT '',
  `comment_author_url` varchar(200) COLLATE utf8mb4_unicode_ci NOT NULL DEFAULT '',
  `comment_author_IP` varchar(100) COLLATE utf8mb4_unicode_ci NOT NULL DEFAULT '',
  `comment_date` datetime NOT NULL DEFAULT '0000-00-00 00:00:00',
  `comment_date_gmt` datetime NOT NULL DEFAULT '0000-00-00 00:00:00',
  `comment_content` text COLLATE utf8mb4_unicode_ci NOT NULL,
  `comment_karma` int(11) NOT NULL DEFAULT '0',
  `comment_approved` varchar(20) COLLATE utf8mb4_unicode_ci NOT NULL DEFAULT '1',
  `comment_agent` varchar(255) COLLATE utf8mb4_unicode_ci NOT NULL DEFAULT '',
  `comment_type` varchar(20) COLLATE utf8mb4_unicode_ci NOT NULL DEFAULT '',
  `comment_parent` bigint(20) unsigned NOT NULL DEFAULT '0',
  `user_id` bigint(20) unsigned NOT NULL DEFAULT '0',
  PRIMARY KEY (`comment_ID`),
  KEY `comment_post_ID` (`comment_post_ID`),
  KEY `comment_approved_date_gmt` (`comment_approved`,`comment_date_gmt`),
  KEY `comment_date_gmt` (`comment_date_gmt`),
  KEY `comment_parent` (`comment_parent`),
  KEY `comment_author_email` (`comment_author_email`(10))
) ENGINE=InnoDB  DEFAULT CHARSET=utf8mb4 COLLATE=utf8mb4_unicode_ci AUTO_INCREMENT=2 ;

-- --------------------------------------------------------

--
-- Struktura tabeli dla tabeli `wp_1links`
--

CREATE TABLE IF NOT EXISTS `wp_1links` (
  `link_id` bigint(20) unsigned NOT NULL AUTO_INCREMENT,
  `link_url` varchar(255) COLLATE utf8mb4_unicode_ci NOT NULL DEFAULT '',
  `link_name` varchar(255) COLLATE utf8mb4_unicode_ci NOT NULL DEFAULT '',
  `link_image` varchar(255) COLLATE utf8mb4_unicode_ci NOT NULL DEFAULT '',
  `link_target` varchar(25) COLLATE utf8mb4_unicode_ci NOT NULL DEFAULT '',
  `link_description` varchar(255) COLLATE utf8mb4_unicode_ci NOT NULL DEFAULT '',
  `link_visible` varchar(20) COLLATE utf8mb4_unicode_ci NOT NULL DEFAULT 'Y',
  `link_owner` bigint(20) unsigned NOT NULL DEFAULT '1',
  `link_rating` int(11) NOT NULL DEFAULT '0',
  `link_updated` datetime NOT NULL DEFAULT '0000-00-00 00:00:00',
  `link_rel` varchar(255) COLLATE utf8mb4_unicode_ci NOT NULL DEFAULT '',
  `link_notes` mediumtext COLLATE utf8mb4_unicode_ci NOT NULL,
  `link_rss` varchar(255) COLLATE utf8mb4_unicode_ci NOT NULL DEFAULT '',
  PRIMARY KEY (`link_id`),
  KEY `link_visible` (`link_visible`)
) ENGINE=InnoDB DEFAULT CHARSET=utf8mb4 COLLATE=utf8mb4_unicode_ci AUTO_INCREMENT=1 ;

-- --------------------------------------------------------

--
-- Struktura tabeli dla tabeli `wp_1options`
--

CREATE TABLE IF NOT EXISTS `wp_1options` (
  `option_id` bigint(20) unsigned NOT NULL AUTO_INCREMENT,
  `option_name` varchar(191) COLLATE utf8mb4_unicode_ci NOT NULL DEFAULT '',
  `option_value` longtext COLLATE utf8mb4_unicode_ci NOT NULL,
  `autoload` varchar(20) COLLATE utf8mb4_unicode_ci NOT NULL DEFAULT 'yes',
  PRIMARY KEY (`option_id`),
  UNIQUE KEY `option_name` (`option_name`)
) ENGINE=InnoDB  DEFAULT CHARSET=utf8mb4 COLLATE=utf8mb4_unicode_ci AUTO_INCREMENT=223 ;

--
-- Zrzut danych tabeli `wp_1options`
--

INSERT INTO `wp_1options` (`option_id`, `option_name`, `option_value`, `autoload`) VALUES
(1, 'siteurl', 'http://www.chwiledwie.pl/d1', 'yes'),
(2, 'home', 'http://www.chwiledwie.pl/d1', 'yes'),
(3, 'blogname', 'Chwile Dwie', 'yes'),
(4, 'blogdescription', 'Witaj na stronie zespołu Chwile Dwie!', 'yes'),
(5, 'users_can_register', '0', 'yes'),
(6, 'admin_email', 'bielik.19@wp.pl', 'yes'),
(7, 'start_of_week', '1', 'yes'),
(8, 'use_balanceTags', '0', 'yes'),
(9, 'use_smilies', '1', 'yes'),
(10, 'require_name_email', '', 'yes'),
(11, 'comments_notify', '', 'yes'),
(12, 'posts_per_rss', '10', 'yes'),
(13, 'rss_use_excerpt', '0', 'yes'),
(14, 'mailserver_url', 'mail.example.com', 'yes'),
(15, 'mailserver_login', 'login@example.com', 'yes'),
(16, 'mailserver_pass', 'password', 'yes'),
(17, 'mailserver_port', '110', 'yes'),
(18, 'default_category', '1', 'yes'),
(19, 'default_comment_status', 'closed', 'yes'),
(20, 'default_ping_status', 'closed', 'yes'),
(21, 'default_pingback_flag', '', 'yes'),
(22, 'posts_per_page', '10', 'yes'),
(23, 'date_format', 'j F Y', 'yes'),
(24, 'time_format', 'H:i', 'yes'),
(25, 'links_updated_date_format', 'j F Y H:i', 'yes'),
(26, 'comment_moderation', '', 'yes'),
(27, 'moderation_notify', '', 'yes'),
(28, 'permalink_structure', '/index.php/%year%/%monthnum%/%day%/%postname%/', 'yes'),
(29, 'rewrite_rules', 'a:88:{s:11:"^wp-json/?$";s:22:"index.php?rest_route=/";s:14:"^wp-json/(.*)?";s:33:"index.php?rest_route=/$matches[1]";s:57:"index.php/category/(.+?)/feed/(feed|rdf|rss|rss2|atom)/?$";s:52:"index.php?category_name=$matches[1]&feed=$matches[2]";s:52:"index.php/category/(.+?)/(feed|rdf|rss|rss2|atom)/?$";s:52:"index.php?category_name=$matches[1]&feed=$matches[2]";s:33:"index.php/category/(.+?)/embed/?$";s:46:"index.php?category_name=$matches[1]&embed=true";s:45:"index.php/category/(.+?)/page/?([0-9]{1,})/?$";s:53:"index.php?category_name=$matches[1]&paged=$matches[2]";s:27:"index.php/category/(.+?)/?$";s:35:"index.php?category_name=$matches[1]";s:54:"index.php/tag/([^/]+)/feed/(feed|rdf|rss|rss2|atom)/?$";s:42:"index.php?tag=$matches[1]&feed=$matches[2]";s:49:"index.php/tag/([^/]+)/(feed|rdf|rss|rss2|atom)/?$";s:42:"index.php?tag=$matches[1]&feed=$matches[2]";s:30:"index.php/tag/([^/]+)/embed/?$";s:36:"index.php?tag=$matches[1]&embed=true";s:42:"index.php/tag/([^/]+)/page/?([0-9]{1,})/?$";s:43:"index.php?tag=$matches[1]&paged=$matches[2]";s:24:"index.php/tag/([^/]+)/?$";s:25:"index.php?tag=$matches[1]";s:55:"index.php/type/([^/]+)/feed/(feed|rdf|rss|rss2|atom)/?$";s:50:"index.php?post_format=$matches[1]&feed=$matches[2]";s:50:"index.php/type/([^/]+)/(feed|rdf|rss|rss2|atom)/?$";s:50:"index.php?post_format=$matches[1]&feed=$matches[2]";s:31:"index.php/type/([^/]+)/embed/?$";s:44:"index.php?post_format=$matches[1]&embed=true";s:43:"index.php/type/([^/]+)/page/?([0-9]{1,})/?$";s:51:"index.php?post_format=$matches[1]&paged=$matches[2]";s:25:"index.php/type/([^/]+)/?$";s:33:"index.php?post_format=$matches[1]";s:48:".*wp-(atom|rdf|rss|rss2|feed|commentsrss2)\\.php$";s:18:"index.php?feed=old";s:20:".*wp-app\\.php(/.*)?$";s:19:"index.php?error=403";s:18:".*wp-register.php$";s:23:"index.php?register=true";s:42:"index.php/feed/(feed|rdf|rss|rss2|atom)/?$";s:27:"index.php?&feed=$matches[1]";s:37:"index.php/(feed|rdf|rss|rss2|atom)/?$";s:27:"index.php?&feed=$matches[1]";s:18:"index.php/embed/?$";s:21:"index.php?&embed=true";s:30:"index.php/page/?([0-9]{1,})/?$";s:28:"index.php?&paged=$matches[1]";s:37:"index.php/comment-page-([0-9]{1,})/?$";s:39:"index.php?&page_id=10&cpage=$matches[1]";s:51:"index.php/comments/feed/(feed|rdf|rss|rss2|atom)/?$";s:42:"index.php?&feed=$matches[1]&withcomments=1";s:46:"index.php/comments/(feed|rdf|rss|rss2|atom)/?$";s:42:"index.php?&feed=$matches[1]&withcomments=1";s:27:"index.php/comments/embed/?$";s:21:"index.php?&embed=true";s:54:"index.php/search/(.+)/feed/(feed|rdf|rss|rss2|atom)/?$";s:40:"index.php?s=$matches[1]&feed=$matches[2]";s:49:"index.php/search/(.+)/(feed|rdf|rss|rss2|atom)/?$";s:40:"index.php?s=$matches[1]&feed=$matches[2]";s:30:"index.php/search/(.+)/embed/?$";s:34:"index.php?s=$matches[1]&embed=true";s:42:"index.php/search/(.+)/page/?([0-9]{1,})/?$";s:41:"index.php?s=$matches[1]&paged=$matches[2]";s:24:"index.php/search/(.+)/?$";s:23:"index.php?s=$matches[1]";s:57:"index.php/author/([^/]+)/feed/(feed|rdf|rss|rss2|atom)/?$";s:50:"index.php?author_name=$matches[1]&feed=$matches[2]";s:52:"index.php/author/([^/]+)/(feed|rdf|rss|rss2|atom)/?$";s:50:"index.php?author_name=$matches[1]&feed=$matches[2]";s:33:"index.php/author/([^/]+)/embed/?$";s:44:"index.php?author_name=$matches[1]&embed=true";s:45:"index.php/author/([^/]+)/page/?([0-9]{1,})/?$";s:51:"index.php?author_name=$matches[1]&paged=$matches[2]";s:27:"index.php/author/([^/]+)/?$";s:33:"index.php?author_name=$matches[1]";s:79:"index.php/([0-9]{4})/([0-9]{1,2})/([0-9]{1,2})/feed/(feed|rdf|rss|rss2|atom)/?$";s:80:"index.php?year=$matches[1]&monthnum=$matches[2]&day=$matches[3]&feed=$matches[4]";s:74:"index.php/([0-9]{4})/([0-9]{1,2})/([0-9]{1,2})/(feed|rdf|rss|rss2|atom)/?$";s:80:"index.php?year=$matches[1]&monthnum=$matches[2]&day=$matches[3]&feed=$matches[4]";s:55:"index.php/([0-9]{4})/([0-9]{1,2})/([0-9]{1,2})/embed/?$";s:74:"index.php?year=$matches[1]&monthnum=$matches[2]&day=$matches[3]&embed=true";s:67:"index.php/([0-9]{4})/([0-9]{1,2})/([0-9]{1,2})/page/?([0-9]{1,})/?$";s:81:"index.php?year=$matches[1]&monthnum=$matches[2]&day=$matches[3]&paged=$matches[4]";s:49:"index.php/([0-9]{4})/([0-9]{1,2})/([0-9]{1,2})/?$";s:63:"index.php?year=$matches[1]&monthnum=$matches[2]&day=$matches[3]";s:66:"index.php/([0-9]{4})/([0-9]{1,2})/feed/(feed|rdf|rss|rss2|atom)/?$";s:64:"index.php?year=$matches[1]&monthnum=$matches[2]&feed=$matches[3]";s:61:"index.php/([0-9]{4})/([0-9]{1,2})/(feed|rdf|rss|rss2|atom)/?$";s:64:"index.php?year=$matches[1]&monthnum=$matches[2]&feed=$matches[3]";s:42:"index.php/([0-9]{4})/([0-9]{1,2})/embed/?$";s:58:"index.php?year=$matches[1]&monthnum=$matches[2]&embed=true";s:54:"index.php/([0-9]{4})/([0-9]{1,2})/page/?([0-9]{1,})/?$";s:65:"index.php?year=$matches[1]&monthnum=$matches[2]&paged=$matches[3]";s:36:"index.php/([0-9]{4})/([0-9]{1,2})/?$";s:47:"index.php?year=$matches[1]&monthnum=$matches[2]";s:53:"index.php/([0-9]{4})/feed/(feed|rdf|rss|rss2|atom)/?$";s:43:"index.php?year=$matches[1]&feed=$matches[2]";s:48:"index.php/([0-9]{4})/(feed|rdf|rss|rss2|atom)/?$";s:43:"index.php?year=$matches[1]&feed=$matches[2]";s:29:"index.php/([0-9]{4})/embed/?$";s:37:"index.php?year=$matches[1]&embed=true";s:41:"index.php/([0-9]{4})/page/?([0-9]{1,})/?$";s:44:"index.php?year=$matches[1]&paged=$matches[2]";s:23:"index.php/([0-9]{4})/?$";s:26:"index.php?year=$matches[1]";s:68:"index.php/[0-9]{4}/[0-9]{1,2}/[0-9]{1,2}/[^/]+/attachment/([^/]+)/?$";s:32:"index.php?attachment=$matches[1]";s:78:"index.php/[0-9]{4}/[0-9]{1,2}/[0-9]{1,2}/[^/]+/attachment/([^/]+)/trackback/?$";s:37:"index.php?attachment=$matches[1]&tb=1";s:98:"index.php/[0-9]{4}/[0-9]{1,2}/[0-9]{1,2}/[^/]+/attachment/([^/]+)/feed/(feed|rdf|rss|rss2|atom)/?$";s:49:"index.php?attachment=$matches[1]&feed=$matches[2]";s:93:"index.php/[0-9]{4}/[0-9]{1,2}/[0-9]{1,2}/[^/]+/attachment/([^/]+)/(feed|rdf|rss|rss2|atom)/?$";s:49:"index.php?attachment=$matches[1]&feed=$matches[2]";s:93:"index.php/[0-9]{4}/[0-9]{1,2}/[0-9]{1,2}/[^/]+/attachment/([^/]+)/comment-page-([0-9]{1,})/?$";s:50:"index.php?attachment=$matches[1]&cpage=$matches[2]";s:74:"index.php/[0-9]{4}/[0-9]{1,2}/[0-9]{1,2}/[^/]+/attachment/([^/]+)/embed/?$";s:43:"index.php?attachment=$matches[1]&embed=true";s:63:"index.php/([0-9]{4})/([0-9]{1,2})/([0-9]{1,2})/([^/]+)/embed/?$";s:91:"index.php?year=$matches[1]&monthnum=$matches[2]&day=$matches[3]&name=$matches[4]&embed=true";s:67:"index.php/([0-9]{4})/([0-9]{1,2})/([0-9]{1,2})/([^/]+)/trackback/?$";s:85:"index.php?year=$matches[1]&monthnum=$matches[2]&day=$matches[3]&name=$matches[4]&tb=1";s:87:"index.php/([0-9]{4})/([0-9]{1,2})/([0-9]{1,2})/([^/]+)/feed/(feed|rdf|rss|rss2|atom)/?$";s:97:"index.php?year=$matches[1]&monthnum=$matches[2]&day=$matches[3]&name=$matches[4]&feed=$matches[5]";s:82:"index.php/([0-9]{4})/([0-9]{1,2})/([0-9]{1,2})/([^/]+)/(feed|rdf|rss|rss2|atom)/?$";s:97:"index.php?year=$matches[1]&monthnum=$matches[2]&day=$matches[3]&name=$matches[4]&feed=$matches[5]";s:75:"index.php/([0-9]{4})/([0-9]{1,2})/([0-9]{1,2})/([^/]+)/page/?([0-9]{1,})/?$";s:98:"index.php?year=$matches[1]&monthnum=$matches[2]&day=$matches[3]&name=$matches[4]&paged=$matches[5]";s:82:"index.php/([0-9]{4})/([0-9]{1,2})/([0-9]{1,2})/([^/]+)/comment-page-([0-9]{1,})/?$";s:98:"index.php?year=$matches[1]&monthnum=$matches[2]&day=$matches[3]&name=$matches[4]&cpage=$matches[5]";s:71:"index.php/([0-9]{4})/([0-9]{1,2})/([0-9]{1,2})/([^/]+)(?:/([0-9]+))?/?$";s:97:"index.php?year=$matches[1]&monthnum=$matches[2]&day=$matches[3]&name=$matches[4]&page=$matches[5]";s:57:"index.php/[0-9]{4}/[0-9]{1,2}/[0-9]{1,2}/[^/]+/([^/]+)/?$";s:32:"index.php?attachment=$matches[1]";s:67:"index.php/[0-9]{4}/[0-9]{1,2}/[0-9]{1,2}/[^/]+/([^/]+)/trackback/?$";s:37:"index.php?attachment=$matches[1]&tb=1";s:87:"index.php/[0-9]{4}/[0-9]{1,2}/[0-9]{1,2}/[^/]+/([^/]+)/feed/(feed|rdf|rss|rss2|atom)/?$";s:49:"index.php?attachment=$matches[1]&feed=$matches[2]";s:82:"index.php/[0-9]{4}/[0-9]{1,2}/[0-9]{1,2}/[^/]+/([^/]+)/(feed|rdf|rss|rss2|atom)/?$";s:49:"index.php?attachment=$matches[1]&feed=$matches[2]";s:82:"index.php/[0-9]{4}/[0-9]{1,2}/[0-9]{1,2}/[^/]+/([^/]+)/comment-page-([0-9]{1,})/?$";s:50:"index.php?attachment=$matches[1]&cpage=$matches[2]";s:63:"index.php/[0-9]{4}/[0-9]{1,2}/[0-9]{1,2}/[^/]+/([^/]+)/embed/?$";s:43:"index.php?attachment=$matches[1]&embed=true";s:74:"index.php/([0-9]{4})/([0-9]{1,2})/([0-9]{1,2})/comment-page-([0-9]{1,})/?$";s:81:"index.php?year=$matches[1]&monthnum=$matches[2]&day=$matches[3]&cpage=$matches[4]";s:61:"index.php/([0-9]{4})/([0-9]{1,2})/comment-page-([0-9]{1,})/?$";s:65:"index.php?year=$matches[1]&monthnum=$matches[2]&cpage=$matches[3]";s:48:"index.php/([0-9]{4})/comment-page-([0-9]{1,})/?$";s:44:"index.php?year=$matches[1]&cpage=$matches[2]";s:37:"index.php/.?.+?/attachment/([^/]+)/?$";s:32:"index.php?attachment=$matches[1]";s:47:"index.php/.?.+?/attachment/([^/]+)/trackback/?$";s:37:"index.php?attachment=$matches[1]&tb=1";s:67:"index.php/.?.+?/attachment/([^/]+)/feed/(feed|rdf|rss|rss2|atom)/?$";s:49:"index.php?attachment=$matches[1]&feed=$matches[2]";s:62:"index.php/.?.+?/attachment/([^/]+)/(feed|rdf|rss|rss2|atom)/?$";s:49:"index.php?attachment=$matches[1]&feed=$matches[2]";s:62:"index.php/.?.+?/attachment/([^/]+)/comment-page-([0-9]{1,})/?$";s:50:"index.php?attachment=$matches[1]&cpage=$matches[2]";s:43:"index.php/.?.+?/attachment/([^/]+)/embed/?$";s:43:"index.php?attachment=$matches[1]&embed=true";s:26:"index.php/(.?.+?)/embed/?$";s:41:"index.php?pagename=$matches[1]&embed=true";s:30:"index.php/(.?.+?)/trackback/?$";s:35:"index.php?pagename=$matches[1]&tb=1";s:50:"index.php/(.?.+?)/feed/(feed|rdf|rss|rss2|atom)/?$";s:47:"index.php?pagename=$matches[1]&feed=$matches[2]";s:45:"index.php/(.?.+?)/(feed|rdf|rss|rss2|atom)/?$";s:47:"index.php?pagename=$matches[1]&feed=$matches[2]";s:38:"index.php/(.?.+?)/page/?([0-9]{1,})/?$";s:48:"index.php?pagename=$matches[1]&paged=$matches[2]";s:45:"index.php/(.?.+?)/comment-page-([0-9]{1,})/?$";s:48:"index.php?pagename=$matches[1]&cpage=$matches[2]";s:34:"index.php/(.?.+?)(?:/([0-9]+))?/?$";s:47:"index.php?pagename=$matches[1]&page=$matches[2]";}', 'yes'),
(30, 'hack_file', '0', 'yes'),
(31, 'blog_charset', 'UTF-8', 'yes'),
(32, 'moderation_keys', '', 'no'),
(33, 'active_plugins', 'a:1:{i:0;s:39:"allow-php-execute/allow-php-execute.php";}', 'yes'),
(34, 'category_base', '', 'yes'),
(35, 'ping_sites', 'http://rpc.pingomatic.com/', 'yes'),
(36, 'comment_max_links', '0', 'yes'),
(37, 'gmt_offset', '0', 'yes'),
(38, 'default_email_category', '1', 'yes'),
(39, 'recently_edited', 'a:2:{i:0;s:46:"/d1/wp-content/themes/twentyfourteen/style.css";i:1;s:0:"";}', 'no'),
(40, 'template', 'twentyfourteen', 'yes'),
(41, 'stylesheet', 'twentyfourteen', 'yes'),
(42, 'comment_whitelist', '', 'yes'),
(43, 'blacklist_keys', '', 'no'),
(44, 'comment_registration', '', 'yes'),
(45, 'html_type', 'text/html', 'yes'),
(46, 'use_trackback', '0', 'yes'),
(47, 'default_role', 'subscriber', 'yes'),
(48, 'db_version', '36686', 'yes'),
(49, 'uploads_use_yearmonth_folders', '1', 'yes'),
(50, 'upload_path', '', 'yes'),
(51, 'blog_public', '0', 'yes'),
(52, 'default_link_category', '2', 'yes'),
(53, 'show_on_front', 'page', 'yes'),
(54, 'tag_base', '', 'yes'),
(55, 'show_avatars', '', 'yes'),
(56, 'avatar_rating', 'G', 'yes'),
(57, 'upload_url_path', '', 'yes'),
(58, 'thumbnail_size_w', '150', 'yes'),
(59, 'thumbnail_size_h', '150', 'yes'),
(60, 'thumbnail_crop', '1', 'yes'),
(61, 'medium_size_w', '300', 'yes'),
(62, 'medium_size_h', '300', 'yes'),
(63, 'avatar_default', 'mystery', 'yes'),
(64, 'large_size_w', '1024', 'yes'),
(65, 'large_size_h', '1024', 'yes'),
(66, 'image_default_link_type', 'none', 'yes'),
(67, 'image_default_size', '', 'yes'),
(68, 'image_default_align', '', 'yes'),
(69, 'close_comments_for_old_posts', '', 'yes'),
(70, 'close_comments_days_old', '14', 'yes'),
(71, 'thread_comments', '', 'yes'),
(72, 'thread_comments_depth', '5', 'yes'),
(73, 'page_comments', '', 'yes'),
(74, 'comments_per_page', '50', 'yes'),
(75, 'default_comments_page', 'newest', 'yes'),
(76, 'comment_order', 'asc', 'yes'),
(77, 'sticky_posts', 'a:0:{}', 'yes'),
(78, 'widget_categories', 'a:2:{i:2;a:4:{s:5:"title";s:0:"";s:5:"count";i:0;s:12:"hierarchical";i:0;s:8:"dropdown";i:0;}s:12:"_multiwidget";i:1;}', 'yes'),
(79, 'widget_text', 'a:3:{i:1;a:0:{}s:12:"_multiwidget";i:1;i:3;a:3:{s:5:"title";s:0:"";s:4:"text";s:111:" <p>Goście: \r\n                        <?php include("licznik_wejsc.php"); ?>\r\n                            </p>";s:6:"filter";b:0;}}', 'yes'),
(80, 'widget_rss', 'a:2:{i:1;a:0:{}s:12:"_multiwidget";i:1;}', 'yes'),
(81, 'uninstall_plugins', 'a:0:{}', 'no'),
(82, 'timezone_string', 'Europe/Warsaw', 'yes'),
(83, 'page_for_posts', '0', 'yes'),
(84, 'page_on_front', '10', 'yes'),
(85, 'default_post_format', '0', 'yes'),
(86, 'link_manager_enabled', '0', 'yes'),
(87, 'finished_splitting_shared_terms', '1', 'yes'),
(88, 'site_icon', '0', 'yes'),
(89, 'medium_large_size_w', '768', 'yes'),
(90, 'medium_large_size_h', '0', 'yes'),
(91, 'initial_db_version', '36686', 'yes'),
(92, 'wp_1user_roles', 'a:5:{s:13:"administrator";a:2:{s:4:"name";s:13:"Administrator";s:12:"capabilities";a:61:{s:13:"switch_themes";b:1;s:11:"edit_themes";b:1;s:16:"activate_plugins";b:1;s:12:"edit_plugins";b:1;s:10:"edit_users";b:1;s:10:"edit_files";b:1;s:14:"manage_options";b:1;s:17:"moderate_comments";b:1;s:17:"manage_categories";b:1;s:12:"manage_links";b:1;s:12:"upload_files";b:1;s:6:"import";b:1;s:15:"unfiltered_html";b:1;s:10:"edit_posts";b:1;s:17:"edit_others_posts";b:1;s:20:"edit_published_posts";b:1;s:13:"publish_posts";b:1;s:10:"edit_pages";b:1;s:4:"read";b:1;s:8:"level_10";b:1;s:7:"level_9";b:1;s:7:"level_8";b:1;s:7:"level_7";b:1;s:7:"level_6";b:1;s:7:"level_5";b:1;s:7:"level_4";b:1;s:7:"level_3";b:1;s:7:"level_2";b:1;s:7:"level_1";b:1;s:7:"level_0";b:1;s:17:"edit_others_pages";b:1;s:20:"edit_published_pages";b:1;s:13:"publish_pages";b:1;s:12:"delete_pages";b:1;s:19:"delete_others_pages";b:1;s:22:"delete_published_pages";b:1;s:12:"delete_posts";b:1;s:19:"delete_others_posts";b:1;s:22:"delete_published_posts";b:1;s:20:"delete_private_posts";b:1;s:18:"edit_private_posts";b:1;s:18:"read_private_posts";b:1;s:20:"delete_private_pages";b:1;s:18:"edit_private_pages";b:1;s:18:"read_private_pages";b:1;s:12:"delete_users";b:1;s:12:"create_users";b:1;s:17:"unfiltered_upload";b:1;s:14:"edit_dashboard";b:1;s:14:"update_plugins";b:1;s:14:"delete_plugins";b:1;s:15:"install_plugins";b:1;s:13:"update_themes";b:1;s:14:"install_themes";b:1;s:11:"update_core";b:1;s:10:"list_users";b:1;s:12:"remove_users";b:1;s:13:"promote_users";b:1;s:18:"edit_theme_options";b:1;s:13:"delete_themes";b:1;s:6:"export";b:1;}}s:6:"editor";a:2:{s:4:"name";s:6:"Editor";s:12:"capabilities";a:34:{s:17:"moderate_comments";b:1;s:17:"manage_categories";b:1;s:12:"manage_links";b:1;s:12:"upload_files";b:1;s:15:"unfiltered_html";b:1;s:10:"edit_posts";b:1;s:17:"edit_others_posts";b:1;s:20:"edit_published_posts";b:1;s:13:"publish_posts";b:1;s:10:"edit_pages";b:1;s:4:"read";b:1;s:7:"level_7";b:1;s:7:"level_6";b:1;s:7:"level_5";b:1;s:7:"level_4";b:1;s:7:"level_3";b:1;s:7:"level_2";b:1;s:7:"level_1";b:1;s:7:"level_0";b:1;s:17:"edit_others_pages";b:1;s:20:"edit_published_pages";b:1;s:13:"publish_pages";b:1;s:12:"delete_pages";b:1;s:19:"delete_others_pages";b:1;s:22:"delete_published_pages";b:1;s:12:"delete_posts";b:1;s:19:"delete_others_posts";b:1;s:22:"delete_published_posts";b:1;s:20:"delete_private_posts";b:1;s:18:"edit_private_posts";b:1;s:18:"read_private_posts";b:1;s:20:"delete_private_pages";b:1;s:18:"edit_private_pages";b:1;s:18:"read_private_pages";b:1;}}s:6:"author";a:2:{s:4:"name";s:6:"Author";s:12:"capabilities";a:10:{s:12:"upload_files";b:1;s:10:"edit_posts";b:1;s:20:"edit_published_posts";b:1;s:13:"publish_posts";b:1;s:4:"read";b:1;s:7:"level_2";b:1;s:7:"level_1";b:1;s:7:"level_0";b:1;s:12:"delete_posts";b:1;s:22:"delete_published_posts";b:1;}}s:11:"contributor";a:2:{s:4:"name";s:11:"Contributor";s:12:"capabilities";a:5:{s:10:"edit_posts";b:1;s:4:"read";b:1;s:7:"level_1";b:1;s:7:"level_0";b:1;s:12:"delete_posts";b:1;}}s:10:"subscriber";a:2:{s:4:"name";s:10:"Subscriber";s:12:"capabilities";a:2:{s:4:"read";b:1;s:7:"level_0";b:1;}}}', 'yes'),
(93, 'WPLANG', 'pl_PL', 'yes'),
(94, 'widget_search', 'a:2:{i:2;a:1:{s:5:"title";s:0:"";}s:12:"_multiwidget";i:1;}', 'yes'),
(95, 'widget_recent-posts', 'a:2:{i:2;a:2:{s:5:"title";s:0:"";s:6:"number";i:5;}s:12:"_multiwidget";i:1;}', 'yes'),
(96, 'widget_recent-comments', 'a:2:{i:2;a:2:{s:5:"title";s:0:"";s:6:"number";i:5;}s:12:"_multiwidget";i:1;}', 'yes'),
(97, 'widget_archives', 'a:2:{i:2;a:3:{s:5:"title";s:0:"";s:5:"count";i:0;s:8:"dropdown";i:0;}s:12:"_multiwidget";i:1;}', 'yes'),
(98, 'widget_meta', 'a:2:{i:2;a:1:{s:5:"title";s:0:"";}s:12:"_multiwidget";i:1;}', 'yes'),
(99, 'sidebars_widgets', 'a:5:{s:19:"wp_inactive_widgets";a:0:{}s:9:"sidebar-1";a:0:{}s:9:"sidebar-2";N;s:9:"sidebar-3";a:1:{i:0;s:6:"text-3";}s:13:"array_version";i:3;}', 'yes'),
(100, 'widget_pages', 'a:1:{s:12:"_multiwidget";i:1;}', 'yes'),
(101, 'widget_calendar', 'a:1:{s:12:"_multiwidget";i:1;}', 'yes'),
(102, 'widget_tag_cloud', 'a:1:{s:12:"_multiwidget";i:1;}', 'yes'),
(103, 'widget_nav_menu', 'a:1:{s:12:"_multiwidget";i:1;}', 'yes'),
(104, 'cron', 'a:4:{i:1478752800;a:3:{s:16:"wp_version_check";a:1:{s:32:"40cd750bba9870f18aada2478b24840a";a:3:{s:8:"schedule";s:10:"twicedaily";s:4:"args";a:0:{}s:8:"interval";i:43200;}}s:17:"wp_update_plugins";a:1:{s:32:"40cd750bba9870f18aada2478b24840a";a:3:{s:8:"schedule";s:10:"twicedaily";s:4:"args";a:0:{}s:8:"interval";i:43200;}}s:16:"wp_update_themes";a:1:{s:32:"40cd750bba9870f18aada2478b24840a";a:3:{s:8:"schedule";s:10:"twicedaily";s:4:"args";a:0:{}s:8:"interval";i:43200;}}}i:1478796024;a:1:{s:19:"wp_scheduled_delete";a:1:{s:32:"40cd750bba9870f18aada2478b24840a";a:3:{s:8:"schedule";s:5:"daily";s:4:"args";a:0:{}s:8:"interval";i:86400;}}}i:1478796712;a:1:{s:30:"wp_scheduled_auto_draft_delete";a:1:{s:32:"40cd750bba9870f18aada2478b24840a";a:3:{s:8:"schedule";s:5:"daily";s:4:"args";a:0:{}s:8:"interval";i:86400;}}}s:7:"version";i:2;}', 'yes'),
(118, '_site_transient_timeout_browser_5e06a2d838c1690d9a4db2dbdca80389', '1477413617', 'yes'),
(119, '_site_transient_browser_5e06a2d838c1690d9a4db2dbdca80389', 'a:9:{s:8:"platform";s:7:"Windows";s:4:"name";s:6:"Chrome";s:7:"version";s:13:"53.0.2785.143";s:10:"update_url";s:28:"http://www.google.com/chrome";s:7:"img_src";s:49:"http://s.wordpress.org/images/browsers/chrome.png";s:11:"img_src_ssl";s:48:"https://wordpress.org/images/browsers/chrome.png";s:15:"current_version";s:2:"18";s:7:"upgrade";b:0;s:8:"insecure";b:0;}', 'yes'),
(120, '_site_transient_update_core', 'O:8:"stdClass":4:{s:7:"updates";a:3:{i:0;O:8:"stdClass":10:{s:8:"response";s:7:"upgrade";s:8:"download";s:65:"https://downloads.wordpress.org/release/pl_PL/wordpress-4.6.1.zip";s:6:"locale";s:5:"pl_PL";s:8:"packages";O:8:"stdClass":5:{s:4:"full";s:65:"https://downloads.wordpress.org/release/pl_PL/wordpress-4.6.1.zip";s:10:"no_content";b:0;s:11:"new_bundled";b:0;s:7:"partial";b:0;s:8:"rollback";b:0;}s:7:"current";s:5:"4.6.1";s:7:"version";s:5:"4.6.1";s:11:"php_version";s:5:"5.2.4";s:13:"mysql_version";s:3:"5.0";s:11:"new_bundled";s:3:"4.4";s:15:"partial_version";s:0:"";}i:1;O:8:"stdClass":10:{s:8:"response";s:7:"upgrade";s:8:"download";s:59:"https://downloads.wordpress.org/release/wordpress-4.6.1.zip";s:6:"locale";s:5:"en_US";s:8:"packages";O:8:"stdClass":5:{s:4:"full";s:59:"https://downloads.wordpress.org/release/wordpress-4.6.1.zip";s:10:"no_content";s:70:"https://downloads.wordpress.org/release/wordpress-4.6.1-no-content.zip";s:11:"new_bundled";s:71:"https://downloads.wordpress.org/release/wordpress-4.6.1-new-bundled.zip";s:7:"partial";b:0;s:8:"rollback";b:0;}s:7:"current";s:5:"4.6.1";s:7:"version";s:5:"4.6.1";s:11:"php_version";s:5:"5.2.4";s:13:"mysql_version";s:3:"5.0";s:11:"new_bundled";s:3:"4.4";s:15:"partial_version";s:0:"";}i:2;O:8:"stdClass":11:{s:8:"response";s:10:"autoupdate";s:8:"download";s:59:"https://downloads.wordpress.org/release/wordpress-4.6.1.zip";s:6:"locale";s:5:"en_US";s:8:"packages";O:8:"stdClass":5:{s:4:"full";s:59:"https://downloads.wordpress.org/release/wordpress-4.6.1.zip";s:10:"no_content";s:70:"https://downloads.wordpress.org/release/wordpress-4.6.1-no-content.zip";s:11:"new_bundled";s:71:"https://downloads.wordpress.org/release/wordpress-4.6.1-new-bundled.zip";s:7:"partial";b:0;s:8:"rollback";b:0;}s:7:"current";s:5:"4.6.1";s:7:"version";s:5:"4.6.1";s:11:"php_version";s:5:"5.2.4";s:13:"mysql_version";s:3:"5.0";s:11:"new_bundled";s:3:"4.4";s:15:"partial_version";s:0:"";s:9:"new_files";s:1:"1";}}s:12:"last_checked";i:1478715434;s:15:"version_checked";s:5:"4.5.4";s:12:"translations";a:0:{}}', 'yes'),
(123, 'can_compress_scripts', '1', 'yes'),
(124, 'auto_core_update_notified', 'a:4:{s:4:"type";s:7:"success";s:5:"email";s:15:"bielik.19@wp.pl";s:7:"version";s:5:"4.5.4";s:9:"timestamp";i:1476808822;}', 'yes'),
(125, '_transient_timeout_plugin_slugs', '1476896038', 'no'),
(126, '_transient_plugin_slugs', 'a:4:{i:0;s:19:"akismet/akismet.php";i:1;s:39:"allow-php-execute/allow-php-execute.php";i:2;s:61:"background-music-player-lite/background-music-player-lite.php";i:3;s:9:"hello.php";}', 'no'),
(127, 'recently_activated', 'a:0:{}', 'yes'),
(129, '_site_transient_timeout_poptags_40cd750bba9870f18aada2478b24840a', '1476819633', 'yes'),
(130, '_site_transient_poptags_40cd750bba9870f18aada2478b24840a', 'a:100:{s:6:"widget";a:3:{s:4:"name";s:6:"widget";s:4:"slug";s:6:"widget";s:5:"count";s:4:"6062";}s:4:"post";a:3:{s:4:"name";s:4:"Post";s:4:"slug";s:4:"post";s:5:"count";s:4:"3741";}s:6:"plugin";a:3:{s:4:"name";s:6:"plugin";s:4:"slug";s:6:"plugin";s:5:"count";s:4:"3711";}s:5:"admin";a:3:{s:4:"name";s:5:"admin";s:4:"slug";s:5:"admin";s:5:"count";s:4:"3205";}s:5:"posts";a:3:{s:4:"name";s:5:"posts";s:4:"slug";s:5:"posts";s:5:"count";s:4:"2850";}s:9:"shortcode";a:3:{s:4:"name";s:9:"shortcode";s:4:"slug";s:9:"shortcode";s:5:"count";s:4:"2520";}s:7:"sidebar";a:3:{s:4:"name";s:7:"sidebar";s:4:"slug";s:7:"sidebar";s:5:"count";s:4:"2261";}s:6:"google";a:3:{s:4:"name";s:6:"google";s:4:"slug";s:6:"google";s:5:"count";s:4:"2136";}s:7:"twitter";a:3:{s:4:"name";s:7:"twitter";s:4:"slug";s:7:"twitter";s:5:"count";s:4:"2090";}s:4:"page";a:3:{s:4:"name";s:4:"page";s:4:"slug";s:4:"page";s:5:"count";s:4:"2089";}s:6:"images";a:3:{s:4:"name";s:6:"images";s:4:"slug";s:6:"images";s:5:"count";s:4:"2027";}s:11:"woocommerce";a:3:{s:4:"name";s:11:"woocommerce";s:4:"slug";s:11:"woocommerce";s:5:"count";s:4:"1961";}s:8:"comments";a:3:{s:4:"name";s:8:"comments";s:4:"slug";s:8:"comments";s:5:"count";s:4:"1949";}s:5:"image";a:3:{s:4:"name";s:5:"image";s:4:"slug";s:5:"image";s:5:"count";s:4:"1923";}s:8:"facebook";a:3:{s:4:"name";s:8:"Facebook";s:4:"slug";s:8:"facebook";s:5:"count";s:4:"1749";}s:3:"seo";a:3:{s:4:"name";s:3:"seo";s:4:"slug";s:3:"seo";s:5:"count";s:4:"1624";}s:9:"wordpress";a:3:{s:4:"name";s:9:"wordpress";s:4:"slug";s:9:"wordpress";s:5:"count";s:4:"1594";}s:6:"social";a:3:{s:4:"name";s:6:"social";s:4:"slug";s:6:"social";s:5:"count";s:4:"1454";}s:7:"gallery";a:3:{s:4:"name";s:7:"gallery";s:4:"slug";s:7:"gallery";s:5:"count";s:4:"1358";}s:5:"links";a:3:{s:4:"name";s:5:"links";s:4:"slug";s:5:"links";s:5:"count";s:4:"1289";}s:5:"email";a:3:{s:4:"name";s:5:"email";s:4:"slug";s:5:"email";s:5:"count";s:4:"1277";}s:7:"widgets";a:3:{s:4:"name";s:7:"widgets";s:4:"slug";s:7:"widgets";s:5:"count";s:4:"1137";}s:5:"pages";a:3:{s:4:"name";s:5:"pages";s:4:"slug";s:5:"pages";s:5:"count";s:4:"1125";}s:9:"ecommerce";a:3:{s:4:"name";s:9:"ecommerce";s:4:"slug";s:9:"ecommerce";s:5:"count";s:4:"1053";}s:5:"media";a:3:{s:4:"name";s:5:"media";s:4:"slug";s:5:"media";s:5:"count";s:4:"1013";}s:6:"jquery";a:3:{s:4:"name";s:6:"jquery";s:4:"slug";s:6:"jquery";s:5:"count";s:4:"1010";}s:5:"video";a:3:{s:4:"name";s:5:"video";s:4:"slug";s:5:"video";s:5:"count";s:3:"958";}s:5:"login";a:3:{s:4:"name";s:5:"login";s:4:"slug";s:5:"login";s:5:"count";s:3:"951";}s:7:"content";a:3:{s:4:"name";s:7:"content";s:4:"slug";s:7:"content";s:5:"count";s:3:"948";}s:3:"rss";a:3:{s:4:"name";s:3:"rss";s:4:"slug";s:3:"rss";s:5:"count";s:3:"926";}s:10:"responsive";a:3:{s:4:"name";s:10:"responsive";s:4:"slug";s:10:"responsive";s:5:"count";s:3:"917";}s:4:"ajax";a:3:{s:4:"name";s:4:"AJAX";s:4:"slug";s:4:"ajax";s:5:"count";s:3:"916";}s:10:"javascript";a:3:{s:4:"name";s:10:"javascript";s:4:"slug";s:10:"javascript";s:5:"count";s:3:"851";}s:10:"e-commerce";a:3:{s:4:"name";s:10:"e-commerce";s:4:"slug";s:10:"e-commerce";s:5:"count";s:3:"830";}s:8:"security";a:3:{s:4:"name";s:8:"security";s:4:"slug";s:8:"security";s:5:"count";s:3:"824";}s:10:"buddypress";a:3:{s:4:"name";s:10:"buddypress";s:4:"slug";s:10:"buddypress";s:5:"count";s:3:"816";}s:5:"share";a:3:{s:4:"name";s:5:"Share";s:4:"slug";s:5:"share";s:5:"count";s:3:"789";}s:7:"youtube";a:3:{s:4:"name";s:7:"youtube";s:4:"slug";s:7:"youtube";s:5:"count";s:3:"782";}s:5:"photo";a:3:{s:4:"name";s:5:"photo";s:4:"slug";s:5:"photo";s:5:"count";s:3:"780";}s:4:"spam";a:3:{s:4:"name";s:4:"spam";s:4:"slug";s:4:"spam";s:5:"count";s:3:"769";}s:4:"feed";a:3:{s:4:"name";s:4:"feed";s:4:"slug";s:4:"feed";s:5:"count";s:3:"760";}s:4:"link";a:3:{s:4:"name";s:4:"link";s:4:"slug";s:4:"link";s:5:"count";s:3:"752";}s:9:"analytics";a:3:{s:4:"name";s:9:"analytics";s:4:"slug";s:9:"analytics";s:5:"count";s:3:"736";}s:8:"category";a:3:{s:4:"name";s:8:"category";s:4:"slug";s:8:"category";s:5:"count";s:3:"728";}s:3:"css";a:3:{s:4:"name";s:3:"CSS";s:4:"slug";s:3:"css";s:5:"count";s:3:"724";}s:6:"slider";a:3:{s:4:"name";s:6:"slider";s:4:"slug";s:6:"slider";s:5:"count";s:3:"724";}s:4:"form";a:3:{s:4:"name";s:4:"form";s:4:"slug";s:4:"form";s:5:"count";s:3:"716";}s:5:"embed";a:3:{s:4:"name";s:5:"embed";s:4:"slug";s:5:"embed";s:5:"count";s:3:"713";}s:6:"search";a:3:{s:4:"name";s:6:"search";s:4:"slug";s:6:"search";s:5:"count";s:3:"704";}s:6:"photos";a:3:{s:4:"name";s:6:"photos";s:4:"slug";s:6:"photos";s:5:"count";s:3:"703";}s:6:"custom";a:3:{s:4:"name";s:6:"custom";s:4:"slug";s:6:"custom";s:5:"count";s:3:"693";}s:9:"slideshow";a:3:{s:4:"name";s:9:"slideshow";s:4:"slug";s:9:"slideshow";s:5:"count";s:3:"650";}s:4:"menu";a:3:{s:4:"name";s:4:"menu";s:4:"slug";s:4:"menu";s:5:"count";s:3:"640";}s:6:"button";a:3:{s:4:"name";s:6:"button";s:4:"slug";s:6:"button";s:5:"count";s:3:"639";}s:5:"stats";a:3:{s:4:"name";s:5:"stats";s:4:"slug";s:5:"stats";s:5:"count";s:3:"628";}s:5:"theme";a:3:{s:4:"name";s:5:"theme";s:4:"slug";s:5:"theme";s:5:"count";s:3:"618";}s:6:"mobile";a:3:{s:4:"name";s:6:"mobile";s:4:"slug";s:6:"mobile";s:5:"count";s:3:"612";}s:9:"dashboard";a:3:{s:4:"name";s:9:"dashboard";s:4:"slug";s:9:"dashboard";s:5:"count";s:3:"610";}s:4:"tags";a:3:{s:4:"name";s:4:"tags";s:4:"slug";s:4:"tags";s:5:"count";s:3:"606";}s:7:"comment";a:3:{s:4:"name";s:7:"comment";s:4:"slug";s:7:"comment";s:5:"count";s:3:"604";}s:10:"categories";a:3:{s:4:"name";s:10:"categories";s:4:"slug";s:10:"categories";s:5:"count";s:3:"594";}s:10:"statistics";a:3:{s:4:"name";s:10:"statistics";s:4:"slug";s:10:"statistics";s:5:"count";s:3:"580";}s:3:"ads";a:3:{s:4:"name";s:3:"ads";s:4:"slug";s:3:"ads";s:5:"count";s:3:"580";}s:4:"user";a:3:{s:4:"name";s:4:"user";s:4:"slug";s:4:"user";s:5:"count";s:3:"577";}s:6:"editor";a:3:{s:4:"name";s:6:"editor";s:4:"slug";s:6:"editor";s:5:"count";s:3:"574";}s:12:"social-media";a:3:{s:4:"name";s:12:"social media";s:4:"slug";s:12:"social-media";s:5:"count";s:3:"559";}s:5:"users";a:3:{s:4:"name";s:5:"users";s:4:"slug";s:5:"users";s:5:"count";s:3:"546";}s:4:"list";a:3:{s:4:"name";s:4:"list";s:4:"slug";s:4:"list";s:5:"count";s:3:"544";}s:12:"contact-form";a:3:{s:4:"name";s:12:"contact form";s:4:"slug";s:12:"contact-form";s:5:"count";s:3:"541";}s:6:"simple";a:3:{s:4:"name";s:6:"simple";s:4:"slug";s:6:"simple";s:5:"count";s:3:"534";}s:7:"plugins";a:3:{s:4:"name";s:7:"plugins";s:4:"slug";s:7:"plugins";s:5:"count";s:3:"531";}s:9:"affiliate";a:3:{s:4:"name";s:9:"affiliate";s:4:"slug";s:9:"affiliate";s:5:"count";s:3:"530";}s:9:"multisite";a:3:{s:4:"name";s:9:"multisite";s:4:"slug";s:9:"multisite";s:5:"count";s:3:"530";}s:7:"picture";a:3:{s:4:"name";s:7:"picture";s:4:"slug";s:7:"picture";s:5:"count";s:3:"518";}s:4:"shop";a:3:{s:4:"name";s:4:"shop";s:4:"slug";s:4:"shop";s:5:"count";s:3:"506";}s:9:"marketing";a:3:{s:4:"name";s:9:"marketing";s:4:"slug";s:9:"marketing";s:5:"count";s:3:"503";}s:7:"contact";a:3:{s:4:"name";s:7:"contact";s:4:"slug";s:7:"contact";s:5:"count";s:3:"501";}s:3:"api";a:3:{s:4:"name";s:3:"api";s:4:"slug";s:3:"api";s:5:"count";s:3:"494";}s:3:"url";a:3:{s:4:"name";s:3:"url";s:4:"slug";s:3:"url";s:5:"count";s:3:"477";}s:8:"pictures";a:3:{s:4:"name";s:8:"pictures";s:4:"slug";s:8:"pictures";s:5:"count";s:3:"466";}s:10:"navigation";a:3:{s:4:"name";s:10:"navigation";s:4:"slug";s:10:"navigation";s:5:"count";s:3:"465";}s:4:"html";a:3:{s:4:"name";s:4:"html";s:4:"slug";s:4:"html";s:5:"count";s:3:"460";}s:10:"newsletter";a:3:{s:4:"name";s:10:"newsletter";s:4:"slug";s:10:"newsletter";s:5:"count";s:3:"458";}s:6:"events";a:3:{s:4:"name";s:6:"events";s:4:"slug";s:6:"events";s:5:"count";s:3:"448";}s:10:"shortcodes";a:3:{s:4:"name";s:10:"shortcodes";s:4:"slug";s:10:"shortcodes";s:5:"count";s:3:"439";}s:8:"tracking";a:3:{s:4:"name";s:8:"tracking";s:4:"slug";s:8:"tracking";s:5:"count";s:3:"436";}s:8:"calendar";a:3:{s:4:"name";s:8:"calendar";s:4:"slug";s:8:"calendar";s:5:"count";s:3:"434";}s:4:"meta";a:3:{s:4:"name";s:4:"meta";s:4:"slug";s:4:"meta";s:5:"count";s:3:"433";}s:8:"lightbox";a:3:{s:4:"name";s:8:"lightbox";s:4:"slug";s:8:"lightbox";s:5:"count";s:3:"429";}s:3:"tag";a:3:{s:4:"name";s:3:"tag";s:4:"slug";s:3:"tag";s:5:"count";s:3:"426";}s:6:"paypal";a:3:{s:4:"name";s:6:"paypal";s:4:"slug";s:6:"paypal";s:5:"count";s:3:"423";}s:11:"advertising";a:3:{s:4:"name";s:11:"advertising";s:4:"slug";s:11:"advertising";s:5:"count";s:3:"422";}s:5:"flash";a:3:{s:4:"name";s:5:"flash";s:4:"slug";s:5:"flash";s:5:"count";s:3:"421";}s:4:"news";a:3:{s:4:"name";s:4:"News";s:4:"slug";s:4:"news";s:5:"count";s:3:"420";}s:7:"sharing";a:3:{s:4:"name";s:7:"sharing";s:4:"slug";s:7:"sharing";s:5:"count";s:3:"418";}s:6:"upload";a:3:{s:4:"name";s:6:"upload";s:4:"slug";s:6:"upload";s:5:"count";s:3:"418";}s:9:"thumbnail";a:3:{s:4:"name";s:9:"thumbnail";s:4:"slug";s:9:"thumbnail";s:5:"count";s:3:"414";}s:12:"notification";a:3:{s:4:"name";s:12:"notification";s:4:"slug";s:12:"notification";s:5:"count";s:3:"414";}s:4:"code";a:3:{s:4:"name";s:4:"code";s:4:"slug";s:4:"code";s:5:"count";s:3:"409";}s:8:"linkedin";a:3:{s:4:"name";s:8:"linkedin";s:4:"slug";s:8:"linkedin";s:5:"count";s:3:"408";}}', 'yes'),
(133, '_site_transient_timeout_available_translations', '1476819653', 'yes');
INSERT INTO `wp_1options` (`option_id`, `option_name`, `option_value`, `autoload`) VALUES
(134, '_site_transient_available_translations', 'a:81:{s:3:"ary";a:8:{s:8:"language";s:3:"ary";s:7:"version";s:5:"4.5.4";s:7:"updated";s:19:"2016-09-03 15:24:06";s:12:"english_name";s:15:"Moroccan Arabic";s:11:"native_name";s:31:"العربية المغربية";s:7:"package";s:62:"https://downloads.wordpress.org/translation/core/4.5.4/ary.zip";s:3:"iso";a:2:{i:1;s:2:"ar";i:3;s:3:"ary";}s:7:"strings";a:1:{s:8:"continue";s:16:"المتابعة";}}s:2:"ar";a:8:{s:8:"language";s:2:"ar";s:7:"version";s:5:"4.5.4";s:7:"updated";s:19:"2016-07-14 10:53:34";s:12:"english_name";s:6:"Arabic";s:11:"native_name";s:14:"العربية";s:7:"package";s:61:"https://downloads.wordpress.org/translation/core/4.5.4/ar.zip";s:3:"iso";a:2:{i:1;s:2:"ar";i:2;s:3:"ara";}s:7:"strings";a:1:{s:8:"continue";s:16:"المتابعة";}}s:2:"az";a:8:{s:8:"language";s:2:"az";s:7:"version";s:5:"4.5.4";s:7:"updated";s:19:"2016-06-18 20:18:13";s:12:"english_name";s:11:"Azerbaijani";s:11:"native_name";s:16:"Azərbaycan dili";s:7:"package";s:61:"https://downloads.wordpress.org/translation/core/4.5.4/az.zip";s:3:"iso";a:2:{i:1;s:2:"az";i:2;s:3:"aze";}s:7:"strings";a:1:{s:8:"continue";s:5:"Davam";}}s:3:"azb";a:8:{s:8:"language";s:3:"azb";s:7:"version";s:5:"4.4.2";s:7:"updated";s:19:"2015-12-11 22:42:10";s:12:"english_name";s:17:"South Azerbaijani";s:11:"native_name";s:29:"گؤنئی آذربایجان";s:7:"package";s:62:"https://downloads.wordpress.org/translation/core/4.4.2/azb.zip";s:3:"iso";a:2:{i:1;s:2:"az";i:3;s:3:"azb";}s:7:"strings";a:1:{s:8:"continue";s:8:"Continue";}}s:5:"bg_BG";a:8:{s:8:"language";s:5:"bg_BG";s:7:"version";s:5:"4.5.4";s:7:"updated";s:19:"2016-06-27 08:19:49";s:12:"english_name";s:9:"Bulgarian";s:11:"native_name";s:18:"Български";s:7:"package";s:64:"https://downloads.wordpress.org/translation/core/4.5.4/bg_BG.zip";s:3:"iso";a:2:{i:1;s:2:"bg";i:2;s:3:"bul";}s:7:"strings";a:1:{s:8:"continue";s:12:"Напред";}}s:5:"bn_BD";a:8:{s:8:"language";s:5:"bn_BD";s:7:"version";s:5:"4.5.4";s:7:"updated";s:19:"2016-08-14 05:03:35";s:12:"english_name";s:7:"Bengali";s:11:"native_name";s:15:"বাংলা";s:7:"package";s:64:"https://downloads.wordpress.org/translation/core/4.5.4/bn_BD.zip";s:3:"iso";a:1:{i:1;s:2:"bn";}s:7:"strings";a:1:{s:8:"continue";s:23:"এগিয়ে চল.";}}s:5:"bs_BA";a:8:{s:8:"language";s:5:"bs_BA";s:7:"version";s:5:"4.5.4";s:7:"updated";s:19:"2016-04-19 23:16:37";s:12:"english_name";s:7:"Bosnian";s:11:"native_name";s:8:"Bosanski";s:7:"package";s:64:"https://downloads.wordpress.org/translation/core/4.5.4/bs_BA.zip";s:3:"iso";a:2:{i:1;s:2:"bs";i:2;s:3:"bos";}s:7:"strings";a:1:{s:8:"continue";s:7:"Nastavi";}}s:2:"ca";a:8:{s:8:"language";s:2:"ca";s:7:"version";s:5:"4.5.4";s:7:"updated";s:19:"2016-08-11 20:22:42";s:12:"english_name";s:7:"Catalan";s:11:"native_name";s:7:"Català";s:7:"package";s:61:"https://downloads.wordpress.org/translation/core/4.5.4/ca.zip";s:3:"iso";a:2:{i:1;s:2:"ca";i:2;s:3:"cat";}s:7:"strings";a:1:{s:8:"continue";s:8:"Continua";}}s:3:"ceb";a:8:{s:8:"language";s:3:"ceb";s:7:"version";s:5:"4.4.3";s:7:"updated";s:19:"2016-02-16 15:34:57";s:12:"english_name";s:7:"Cebuano";s:11:"native_name";s:7:"Cebuano";s:7:"package";s:62:"https://downloads.wordpress.org/translation/core/4.4.3/ceb.zip";s:3:"iso";a:2:{i:2;s:3:"ceb";i:3;s:3:"ceb";}s:7:"strings";a:1:{s:8:"continue";s:7:"Padayun";}}s:5:"cs_CZ";a:8:{s:8:"language";s:5:"cs_CZ";s:7:"version";s:5:"4.4.2";s:7:"updated";s:19:"2016-02-11 18:32:36";s:12:"english_name";s:5:"Czech";s:11:"native_name";s:12:"Čeština‎";s:7:"package";s:64:"https://downloads.wordpress.org/translation/core/4.4.2/cs_CZ.zip";s:3:"iso";a:2:{i:1;s:2:"cs";i:2;s:3:"ces";}s:7:"strings";a:1:{s:8:"continue";s:11:"Pokračovat";}}s:2:"cy";a:8:{s:8:"language";s:2:"cy";s:7:"version";s:5:"4.5.4";s:7:"updated";s:19:"2016-07-01 14:29:56";s:12:"english_name";s:5:"Welsh";s:11:"native_name";s:7:"Cymraeg";s:7:"package";s:61:"https://downloads.wordpress.org/translation/core/4.5.4/cy.zip";s:3:"iso";a:2:{i:1;s:2:"cy";i:2;s:3:"cym";}s:7:"strings";a:1:{s:8:"continue";s:6:"Parhau";}}s:5:"da_DK";a:8:{s:8:"language";s:5:"da_DK";s:7:"version";s:5:"4.5.4";s:7:"updated";s:19:"2016-06-28 11:16:44";s:12:"english_name";s:6:"Danish";s:11:"native_name";s:5:"Dansk";s:7:"package";s:64:"https://downloads.wordpress.org/translation/core/4.5.4/da_DK.zip";s:3:"iso";a:2:{i:1;s:2:"da";i:2;s:3:"dan";}s:7:"strings";a:1:{s:8:"continue";s:12:"Forts&#230;t";}}s:14:"de_CH_informal";a:8:{s:8:"language";s:14:"de_CH_informal";s:7:"version";s:5:"4.5.4";s:7:"updated";s:19:"2016-04-12 20:03:25";s:12:"english_name";s:30:"German (Switzerland, Informal)";s:11:"native_name";s:21:"Deutsch (Schweiz, Du)";s:7:"package";s:73:"https://downloads.wordpress.org/translation/core/4.5.4/de_CH_informal.zip";s:3:"iso";a:1:{i:1;s:2:"de";}s:7:"strings";a:1:{s:8:"continue";s:6:"Weiter";}}s:5:"de_CH";a:8:{s:8:"language";s:5:"de_CH";s:7:"version";s:5:"4.5.4";s:7:"updated";s:19:"2016-06-26 10:08:23";s:12:"english_name";s:20:"German (Switzerland)";s:11:"native_name";s:17:"Deutsch (Schweiz)";s:7:"package";s:64:"https://downloads.wordpress.org/translation/core/4.5.4/de_CH.zip";s:3:"iso";a:1:{i:1;s:2:"de";}s:7:"strings";a:1:{s:8:"continue";s:6:"Weiter";}}s:12:"de_DE_formal";a:8:{s:8:"language";s:12:"de_DE_formal";s:7:"version";s:5:"4.5.4";s:7:"updated";s:19:"2016-06-30 18:59:13";s:12:"english_name";s:15:"German (Formal)";s:11:"native_name";s:13:"Deutsch (Sie)";s:7:"package";s:71:"https://downloads.wordpress.org/translation/core/4.5.4/de_DE_formal.zip";s:3:"iso";a:1:{i:1;s:2:"de";}s:7:"strings";a:1:{s:8:"continue";s:6:"Weiter";}}s:5:"de_DE";a:8:{s:8:"language";s:5:"de_DE";s:7:"version";s:5:"4.5.4";s:7:"updated";s:19:"2016-07-30 21:42:25";s:12:"english_name";s:6:"German";s:11:"native_name";s:7:"Deutsch";s:7:"package";s:64:"https://downloads.wordpress.org/translation/core/4.5.4/de_DE.zip";s:3:"iso";a:1:{i:1;s:2:"de";}s:7:"strings";a:1:{s:8:"continue";s:6:"Weiter";}}s:2:"el";a:8:{s:8:"language";s:2:"el";s:7:"version";s:5:"4.5.4";s:7:"updated";s:19:"2016-07-26 19:02:02";s:12:"english_name";s:5:"Greek";s:11:"native_name";s:16:"Ελληνικά";s:7:"package";s:61:"https://downloads.wordpress.org/translation/core/4.5.4/el.zip";s:3:"iso";a:2:{i:1;s:2:"el";i:2;s:3:"ell";}s:7:"strings";a:1:{s:8:"continue";s:16:"Συνέχεια";}}s:5:"en_CA";a:8:{s:8:"language";s:5:"en_CA";s:7:"version";s:5:"4.5.4";s:7:"updated";s:19:"2016-06-26 19:24:51";s:12:"english_name";s:16:"English (Canada)";s:11:"native_name";s:16:"English (Canada)";s:7:"package";s:64:"https://downloads.wordpress.org/translation/core/4.5.4/en_CA.zip";s:3:"iso";a:3:{i:1;s:2:"en";i:2;s:3:"eng";i:3;s:3:"eng";}s:7:"strings";a:1:{s:8:"continue";s:8:"Continue";}}s:5:"en_AU";a:8:{s:8:"language";s:5:"en_AU";s:7:"version";s:5:"4.5.4";s:7:"updated";s:19:"2016-06-21 21:28:52";s:12:"english_name";s:19:"English (Australia)";s:11:"native_name";s:19:"English (Australia)";s:7:"package";s:64:"https://downloads.wordpress.org/translation/core/4.5.4/en_AU.zip";s:3:"iso";a:3:{i:1;s:2:"en";i:2;s:3:"eng";i:3;s:3:"eng";}s:7:"strings";a:1:{s:8:"continue";s:8:"Continue";}}s:5:"en_GB";a:8:{s:8:"language";s:5:"en_GB";s:7:"version";s:5:"4.5.4";s:7:"updated";s:19:"2016-06-21 22:23:41";s:12:"english_name";s:12:"English (UK)";s:11:"native_name";s:12:"English (UK)";s:7:"package";s:64:"https://downloads.wordpress.org/translation/core/4.5.4/en_GB.zip";s:3:"iso";a:3:{i:1;s:2:"en";i:2;s:3:"eng";i:3;s:3:"eng";}s:7:"strings";a:1:{s:8:"continue";s:8:"Continue";}}s:5:"en_ZA";a:8:{s:8:"language";s:5:"en_ZA";s:7:"version";s:5:"4.5.4";s:7:"updated";s:19:"2016-04-28 11:29:02";s:12:"english_name";s:22:"English (South Africa)";s:11:"native_name";s:22:"English (South Africa)";s:7:"package";s:64:"https://downloads.wordpress.org/translation/core/4.5.4/en_ZA.zip";s:3:"iso";a:3:{i:1;s:2:"en";i:2;s:3:"eng";i:3;s:3:"eng";}s:7:"strings";a:1:{s:8:"continue";s:8:"Continue";}}s:5:"en_NZ";a:8:{s:8:"language";s:5:"en_NZ";s:7:"version";s:5:"4.5.4";s:7:"updated";s:19:"2016-06-21 22:55:40";s:12:"english_name";s:21:"English (New Zealand)";s:11:"native_name";s:21:"English (New Zealand)";s:7:"package";s:64:"https://downloads.wordpress.org/translation/core/4.5.4/en_NZ.zip";s:3:"iso";a:3:{i:1;s:2:"en";i:2;s:3:"eng";i:3;s:3:"eng";}s:7:"strings";a:1:{s:8:"continue";s:8:"Continue";}}s:2:"eo";a:8:{s:8:"language";s:2:"eo";s:7:"version";s:5:"4.5.4";s:7:"updated";s:19:"2016-06-29 13:59:02";s:12:"english_name";s:9:"Esperanto";s:11:"native_name";s:9:"Esperanto";s:7:"package";s:61:"https://downloads.wordpress.org/translation/core/4.5.4/eo.zip";s:3:"iso";a:2:{i:1;s:2:"eo";i:2;s:3:"epo";}s:7:"strings";a:1:{s:8:"continue";s:8:"Daŭrigi";}}s:5:"es_ES";a:8:{s:8:"language";s:5:"es_ES";s:7:"version";s:5:"4.5.4";s:7:"updated";s:19:"2016-06-21 19:09:44";s:12:"english_name";s:15:"Spanish (Spain)";s:11:"native_name";s:8:"Español";s:7:"package";s:64:"https://downloads.wordpress.org/translation/core/4.5.4/es_ES.zip";s:3:"iso";a:1:{i:1;s:2:"es";}s:7:"strings";a:1:{s:8:"continue";s:9:"Continuar";}}s:5:"es_AR";a:8:{s:8:"language";s:5:"es_AR";s:7:"version";s:5:"4.5.4";s:7:"updated";s:19:"2016-07-15 15:42:15";s:12:"english_name";s:19:"Spanish (Argentina)";s:11:"native_name";s:21:"Español de Argentina";s:7:"package";s:64:"https://downloads.wordpress.org/translation/core/4.5.4/es_AR.zip";s:3:"iso";a:2:{i:1;s:2:"es";i:2;s:3:"spa";}s:7:"strings";a:1:{s:8:"continue";s:9:"Continuar";}}s:5:"es_PE";a:8:{s:8:"language";s:5:"es_PE";s:7:"version";s:5:"4.5.4";s:7:"updated";s:19:"2016-04-16 17:35:43";s:12:"english_name";s:14:"Spanish (Peru)";s:11:"native_name";s:17:"Español de Perú";s:7:"package";s:64:"https://downloads.wordpress.org/translation/core/4.5.4/es_PE.zip";s:3:"iso";a:2:{i:1;s:2:"es";i:2;s:3:"spa";}s:7:"strings";a:1:{s:8:"continue";s:9:"Continuar";}}s:5:"es_MX";a:8:{s:8:"language";s:5:"es_MX";s:7:"version";s:5:"4.5.4";s:7:"updated";s:19:"2016-08-29 15:10:17";s:12:"english_name";s:16:"Spanish (Mexico)";s:11:"native_name";s:19:"Español de México";s:7:"package";s:64:"https://downloads.wordpress.org/translation/core/4.5.4/es_MX.zip";s:3:"iso";a:2:{i:1;s:2:"es";i:2;s:3:"spa";}s:7:"strings";a:1:{s:8:"continue";s:9:"Continuar";}}s:5:"es_GT";a:8:{s:8:"language";s:5:"es_GT";s:7:"version";s:5:"4.5.4";s:7:"updated";s:19:"2016-08-05 22:16:54";s:12:"english_name";s:19:"Spanish (Guatemala)";s:11:"native_name";s:21:"Español de Guatemala";s:7:"package";s:64:"https://downloads.wordpress.org/translation/core/4.5.4/es_GT.zip";s:3:"iso";a:2:{i:1;s:2:"es";i:2;s:3:"spa";}s:7:"strings";a:1:{s:8:"continue";s:9:"Continuar";}}s:5:"es_CO";a:8:{s:8:"language";s:5:"es_CO";s:7:"version";s:6:"4.3-RC";s:7:"updated";s:19:"2015-08-04 06:10:33";s:12:"english_name";s:18:"Spanish (Colombia)";s:11:"native_name";s:20:"Español de Colombia";s:7:"package";s:65:"https://downloads.wordpress.org/translation/core/4.3-RC/es_CO.zip";s:3:"iso";a:2:{i:1;s:2:"es";i:2;s:3:"spa";}s:7:"strings";a:1:{s:8:"continue";s:9:"Continuar";}}s:5:"es_CL";a:8:{s:8:"language";s:5:"es_CL";s:7:"version";s:5:"4.5.4";s:7:"updated";s:19:"2016-07-01 14:32:46";s:12:"english_name";s:15:"Spanish (Chile)";s:11:"native_name";s:17:"Español de Chile";s:7:"package";s:64:"https://downloads.wordpress.org/translation/core/4.5.4/es_CL.zip";s:3:"iso";a:2:{i:1;s:2:"es";i:2;s:3:"spa";}s:7:"strings";a:1:{s:8:"continue";s:9:"Continuar";}}s:5:"es_VE";a:8:{s:8:"language";s:5:"es_VE";s:7:"version";s:5:"4.5.4";s:7:"updated";s:19:"2016-06-23 19:36:14";s:12:"english_name";s:19:"Spanish (Venezuela)";s:11:"native_name";s:21:"Español de Venezuela";s:7:"package";s:64:"https://downloads.wordpress.org/translation/core/4.5.4/es_VE.zip";s:3:"iso";a:2:{i:1;s:2:"es";i:2;s:3:"spa";}s:7:"strings";a:1:{s:8:"continue";s:9:"Continuar";}}s:2:"et";a:8:{s:8:"language";s:2:"et";s:7:"version";s:5:"4.5.4";s:7:"updated";s:19:"2016-08-07 15:28:20";s:12:"english_name";s:8:"Estonian";s:11:"native_name";s:5:"Eesti";s:7:"package";s:61:"https://downloads.wordpress.org/translation/core/4.5.4/et.zip";s:3:"iso";a:2:{i:1;s:2:"et";i:2;s:3:"est";}s:7:"strings";a:1:{s:8:"continue";s:6:"Jätka";}}s:2:"eu";a:8:{s:8:"language";s:2:"eu";s:7:"version";s:5:"4.5.4";s:7:"updated";s:19:"2016-06-30 11:41:42";s:12:"english_name";s:6:"Basque";s:11:"native_name";s:7:"Euskara";s:7:"package";s:61:"https://downloads.wordpress.org/translation/core/4.5.4/eu.zip";s:3:"iso";a:2:{i:1;s:2:"eu";i:2;s:3:"eus";}s:7:"strings";a:1:{s:8:"continue";s:8:"Jarraitu";}}s:5:"fa_IR";a:8:{s:8:"language";s:5:"fa_IR";s:7:"version";s:5:"4.5.4";s:7:"updated";s:19:"2016-06-20 14:58:27";s:12:"english_name";s:7:"Persian";s:11:"native_name";s:10:"فارسی";s:7:"package";s:64:"https://downloads.wordpress.org/translation/core/4.5.4/fa_IR.zip";s:3:"iso";a:2:{i:1;s:2:"fa";i:2;s:3:"fas";}s:7:"strings";a:1:{s:8:"continue";s:10:"ادامه";}}s:2:"fi";a:8:{s:8:"language";s:2:"fi";s:7:"version";s:5:"4.5.4";s:7:"updated";s:19:"2016-06-26 09:08:24";s:12:"english_name";s:7:"Finnish";s:11:"native_name";s:5:"Suomi";s:7:"package";s:61:"https://downloads.wordpress.org/translation/core/4.5.4/fi.zip";s:3:"iso";a:2:{i:1;s:2:"fi";i:2;s:3:"fin";}s:7:"strings";a:1:{s:8:"continue";s:5:"Jatka";}}s:5:"fr_CA";a:8:{s:8:"language";s:5:"fr_CA";s:7:"version";s:5:"4.5.4";s:7:"updated";s:19:"2016-07-13 12:55:08";s:12:"english_name";s:15:"French (Canada)";s:11:"native_name";s:19:"Français du Canada";s:7:"package";s:64:"https://downloads.wordpress.org/translation/core/4.5.4/fr_CA.zip";s:3:"iso";a:2:{i:1;s:2:"fr";i:2;s:3:"fra";}s:7:"strings";a:1:{s:8:"continue";s:9:"Continuer";}}s:5:"fr_BE";a:8:{s:8:"language";s:5:"fr_BE";s:7:"version";s:5:"4.5.4";s:7:"updated";s:19:"2016-06-22 06:33:34";s:12:"english_name";s:16:"French (Belgium)";s:11:"native_name";s:21:"Français de Belgique";s:7:"package";s:64:"https://downloads.wordpress.org/translation/core/4.5.4/fr_BE.zip";s:3:"iso";a:2:{i:1;s:2:"fr";i:2;s:3:"fra";}s:7:"strings";a:1:{s:8:"continue";s:9:"Continuer";}}s:5:"fr_FR";a:8:{s:8:"language";s:5:"fr_FR";s:7:"version";s:5:"4.5.4";s:7:"updated";s:19:"2016-07-29 13:30:07";s:12:"english_name";s:15:"French (France)";s:11:"native_name";s:9:"Français";s:7:"package";s:64:"https://downloads.wordpress.org/translation/core/4.5.4/fr_FR.zip";s:3:"iso";a:1:{i:1;s:2:"fr";}s:7:"strings";a:1:{s:8:"continue";s:9:"Continuer";}}s:2:"gd";a:8:{s:8:"language";s:2:"gd";s:7:"version";s:5:"4.3.4";s:7:"updated";s:19:"2015-09-24 15:25:30";s:12:"english_name";s:15:"Scottish Gaelic";s:11:"native_name";s:9:"Gàidhlig";s:7:"package";s:61:"https://downloads.wordpress.org/translation/core/4.3.4/gd.zip";s:3:"iso";a:3:{i:1;s:2:"gd";i:2;s:3:"gla";i:3;s:3:"gla";}s:7:"strings";a:1:{s:8:"continue";s:15:"Lean air adhart";}}s:5:"gl_ES";a:8:{s:8:"language";s:5:"gl_ES";s:7:"version";s:5:"4.5.4";s:7:"updated";s:19:"2016-06-28 21:28:18";s:12:"english_name";s:8:"Galician";s:11:"native_name";s:6:"Galego";s:7:"package";s:64:"https://downloads.wordpress.org/translation/core/4.5.4/gl_ES.zip";s:3:"iso";a:2:{i:1;s:2:"gl";i:2;s:3:"glg";}s:7:"strings";a:1:{s:8:"continue";s:9:"Continuar";}}s:3:"haz";a:8:{s:8:"language";s:3:"haz";s:7:"version";s:5:"4.4.2";s:7:"updated";s:19:"2015-12-05 00:59:09";s:12:"english_name";s:8:"Hazaragi";s:11:"native_name";s:15:"هزاره گی";s:7:"package";s:62:"https://downloads.wordpress.org/translation/core/4.4.2/haz.zip";s:3:"iso";a:1:{i:3;s:3:"haz";}s:7:"strings";a:1:{s:8:"continue";s:10:"ادامه";}}s:5:"he_IL";a:8:{s:8:"language";s:5:"he_IL";s:7:"version";s:5:"4.5.4";s:7:"updated";s:19:"2016-06-26 15:19:37";s:12:"english_name";s:6:"Hebrew";s:11:"native_name";s:16:"עִבְרִית";s:7:"package";s:64:"https://downloads.wordpress.org/translation/core/4.5.4/he_IL.zip";s:3:"iso";a:1:{i:1;s:2:"he";}s:7:"strings";a:1:{s:8:"continue";s:8:"המשך";}}s:5:"hi_IN";a:8:{s:8:"language";s:5:"hi_IN";s:7:"version";s:5:"4.5.4";s:7:"updated";s:19:"2016-06-22 11:01:09";s:12:"english_name";s:5:"Hindi";s:11:"native_name";s:18:"हिन्दी";s:7:"package";s:64:"https://downloads.wordpress.org/translation/core/4.5.4/hi_IN.zip";s:3:"iso";a:2:{i:1;s:2:"hi";i:2;s:3:"hin";}s:7:"strings";a:1:{s:8:"continue";s:12:"जारी";}}s:2:"hr";a:8:{s:8:"language";s:2:"hr";s:7:"version";s:5:"4.5.4";s:7:"updated";s:19:"2016-08-11 16:18:13";s:12:"english_name";s:8:"Croatian";s:11:"native_name";s:8:"Hrvatski";s:7:"package";s:61:"https://downloads.wordpress.org/translation/core/4.5.4/hr.zip";s:3:"iso";a:2:{i:1;s:2:"hr";i:2;s:3:"hrv";}s:7:"strings";a:1:{s:8:"continue";s:7:"Nastavi";}}s:5:"hu_HU";a:8:{s:8:"language";s:5:"hu_HU";s:7:"version";s:5:"4.5.4";s:7:"updated";s:19:"2016-06-21 18:58:51";s:12:"english_name";s:9:"Hungarian";s:11:"native_name";s:6:"Magyar";s:7:"package";s:64:"https://downloads.wordpress.org/translation/core/4.5.4/hu_HU.zip";s:3:"iso";a:2:{i:1;s:2:"hu";i:2;s:3:"hun";}s:7:"strings";a:1:{s:8:"continue";s:10:"Folytatás";}}s:2:"hy";a:8:{s:8:"language";s:2:"hy";s:7:"version";s:5:"4.4.2";s:7:"updated";s:19:"2016-02-04 07:13:54";s:12:"english_name";s:8:"Armenian";s:11:"native_name";s:14:"Հայերեն";s:7:"package";s:61:"https://downloads.wordpress.org/translation/core/4.4.2/hy.zip";s:3:"iso";a:2:{i:1;s:2:"hy";i:2;s:3:"hye";}s:7:"strings";a:1:{s:8:"continue";s:20:"Շարունակել";}}s:5:"id_ID";a:8:{s:8:"language";s:5:"id_ID";s:7:"version";s:5:"4.5.4";s:7:"updated";s:19:"2016-06-29 09:14:16";s:12:"english_name";s:10:"Indonesian";s:11:"native_name";s:16:"Bahasa Indonesia";s:7:"package";s:64:"https://downloads.wordpress.org/translation/core/4.5.4/id_ID.zip";s:3:"iso";a:2:{i:1;s:2:"id";i:2;s:3:"ind";}s:7:"strings";a:1:{s:8:"continue";s:9:"Lanjutkan";}}s:5:"is_IS";a:8:{s:8:"language";s:5:"is_IS";s:7:"version";s:5:"4.5.4";s:7:"updated";s:19:"2016-08-19 01:01:44";s:12:"english_name";s:9:"Icelandic";s:11:"native_name";s:9:"Íslenska";s:7:"package";s:64:"https://downloads.wordpress.org/translation/core/4.5.4/is_IS.zip";s:3:"iso";a:2:{i:1;s:2:"is";i:2;s:3:"isl";}s:7:"strings";a:1:{s:8:"continue";s:6:"Áfram";}}s:5:"it_IT";a:8:{s:8:"language";s:5:"it_IT";s:7:"version";s:5:"4.5.4";s:7:"updated";s:19:"2016-08-16 10:17:50";s:12:"english_name";s:7:"Italian";s:11:"native_name";s:8:"Italiano";s:7:"package";s:64:"https://downloads.wordpress.org/translation/core/4.5.4/it_IT.zip";s:3:"iso";a:2:{i:1;s:2:"it";i:2;s:3:"ita";}s:7:"strings";a:1:{s:8:"continue";s:8:"Continua";}}s:2:"ja";a:8:{s:8:"language";s:2:"ja";s:7:"version";s:5:"4.5.4";s:7:"updated";s:19:"2016-08-17 17:39:43";s:12:"english_name";s:8:"Japanese";s:11:"native_name";s:9:"日本語";s:7:"package";s:61:"https://downloads.wordpress.org/translation/core/4.5.4/ja.zip";s:3:"iso";a:1:{i:1;s:2:"ja";}s:7:"strings";a:1:{s:8:"continue";s:9:"続ける";}}s:5:"ka_GE";a:8:{s:8:"language";s:5:"ka_GE";s:7:"version";s:5:"4.5.4";s:7:"updated";s:19:"2016-07-15 07:32:48";s:12:"english_name";s:8:"Georgian";s:11:"native_name";s:21:"ქართული";s:7:"package";s:64:"https://downloads.wordpress.org/translation/core/4.5.4/ka_GE.zip";s:3:"iso";a:2:{i:1;s:2:"ka";i:2;s:3:"kat";}s:7:"strings";a:1:{s:8:"continue";s:30:"გაგრძელება";}}s:5:"ko_KR";a:8:{s:8:"language";s:5:"ko_KR";s:7:"version";s:5:"4.5.4";s:7:"updated";s:19:"2016-07-23 09:09:28";s:12:"english_name";s:6:"Korean";s:11:"native_name";s:9:"한국어";s:7:"package";s:64:"https://downloads.wordpress.org/translation/core/4.5.4/ko_KR.zip";s:3:"iso";a:2:{i:1;s:2:"ko";i:2;s:3:"kor";}s:7:"strings";a:1:{s:8:"continue";s:6:"계속";}}s:5:"lt_LT";a:8:{s:8:"language";s:5:"lt_LT";s:7:"version";s:5:"4.5.4";s:7:"updated";s:19:"2016-07-03 22:34:27";s:12:"english_name";s:10:"Lithuanian";s:11:"native_name";s:15:"Lietuvių kalba";s:7:"package";s:64:"https://downloads.wordpress.org/translation/core/4.5.4/lt_LT.zip";s:3:"iso";a:2:{i:1;s:2:"lt";i:2;s:3:"lit";}s:7:"strings";a:1:{s:8:"continue";s:6:"Tęsti";}}s:5:"mk_MK";a:8:{s:8:"language";s:5:"mk_MK";s:7:"version";s:5:"4.5.4";s:7:"updated";s:19:"2016-05-12 13:55:28";s:12:"english_name";s:10:"Macedonian";s:11:"native_name";s:31:"Македонски јазик";s:7:"package";s:64:"https://downloads.wordpress.org/translation/core/4.5.4/mk_MK.zip";s:3:"iso";a:2:{i:1;s:2:"mk";i:2;s:3:"mkd";}s:7:"strings";a:1:{s:8:"continue";s:16:"Продолжи";}}s:2:"mr";a:8:{s:8:"language";s:2:"mr";s:7:"version";s:5:"4.5.4";s:7:"updated";s:19:"2016-08-26 13:19:17";s:12:"english_name";s:7:"Marathi";s:11:"native_name";s:15:"मराठी";s:7:"package";s:61:"https://downloads.wordpress.org/translation/core/4.5.4/mr.zip";s:3:"iso";a:2:{i:1;s:2:"mr";i:2;s:3:"mar";}s:7:"strings";a:1:{s:8:"continue";s:25:"सुरु ठेवा";}}s:5:"ms_MY";a:8:{s:8:"language";s:5:"ms_MY";s:7:"version";s:5:"4.5.4";s:7:"updated";s:19:"2016-06-28 05:36:22";s:12:"english_name";s:5:"Malay";s:11:"native_name";s:13:"Bahasa Melayu";s:7:"package";s:64:"https://downloads.wordpress.org/translation/core/4.5.4/ms_MY.zip";s:3:"iso";a:2:{i:1;s:2:"ms";i:2;s:3:"msa";}s:7:"strings";a:1:{s:8:"continue";s:8:"Teruskan";}}s:5:"my_MM";a:8:{s:8:"language";s:5:"my_MM";s:7:"version";s:6:"4.1.13";s:7:"updated";s:19:"2015-03-26 15:57:42";s:12:"english_name";s:17:"Myanmar (Burmese)";s:11:"native_name";s:15:"ဗမာစာ";s:7:"package";s:65:"https://downloads.wordpress.org/translation/core/4.1.13/my_MM.zip";s:3:"iso";a:2:{i:1;s:2:"my";i:2;s:3:"mya";}s:7:"strings";a:1:{s:8:"continue";s:54:"ဆက်လက်လုပ်ဆောင်ပါ။";}}s:5:"nb_NO";a:8:{s:8:"language";s:5:"nb_NO";s:7:"version";s:5:"4.5.4";s:7:"updated";s:19:"2016-08-09 14:35:35";s:12:"english_name";s:19:"Norwegian (Bokmål)";s:11:"native_name";s:13:"Norsk bokmål";s:7:"package";s:64:"https://downloads.wordpress.org/translation/core/4.5.4/nb_NO.zip";s:3:"iso";a:2:{i:1;s:2:"nb";i:2;s:3:"nob";}s:7:"strings";a:1:{s:8:"continue";s:8:"Fortsett";}}s:5:"nl_NL";a:8:{s:8:"language";s:5:"nl_NL";s:7:"version";s:5:"4.5.4";s:7:"updated";s:19:"2016-07-15 10:43:48";s:12:"english_name";s:5:"Dutch";s:11:"native_name";s:10:"Nederlands";s:7:"package";s:64:"https://downloads.wordpress.org/translation/core/4.5.4/nl_NL.zip";s:3:"iso";a:2:{i:1;s:2:"nl";i:2;s:3:"nld";}s:7:"strings";a:1:{s:8:"continue";s:8:"Doorgaan";}}s:12:"nl_NL_formal";a:8:{s:8:"language";s:12:"nl_NL_formal";s:7:"version";s:5:"4.4.3";s:7:"updated";s:19:"2016-01-20 13:35:50";s:12:"english_name";s:14:"Dutch (Formal)";s:11:"native_name";s:20:"Nederlands (Formeel)";s:7:"package";s:71:"https://downloads.wordpress.org/translation/core/4.4.3/nl_NL_formal.zip";s:3:"iso";a:2:{i:1;s:2:"nl";i:2;s:3:"nld";}s:7:"strings";a:1:{s:8:"continue";s:8:"Doorgaan";}}s:5:"nn_NO";a:8:{s:8:"language";s:5:"nn_NO";s:7:"version";s:5:"4.5.4";s:7:"updated";s:19:"2016-06-23 11:56:46";s:12:"english_name";s:19:"Norwegian (Nynorsk)";s:11:"native_name";s:13:"Norsk nynorsk";s:7:"package";s:64:"https://downloads.wordpress.org/translation/core/4.5.4/nn_NO.zip";s:3:"iso";a:2:{i:1;s:2:"nn";i:2;s:3:"nno";}s:7:"strings";a:1:{s:8:"continue";s:9:"Hald fram";}}s:3:"oci";a:8:{s:8:"language";s:3:"oci";s:7:"version";s:5:"4.5.4";s:7:"updated";s:19:"2016-09-23 13:45:56";s:12:"english_name";s:7:"Occitan";s:11:"native_name";s:7:"Occitan";s:7:"package";s:62:"https://downloads.wordpress.org/translation/core/4.5.4/oci.zip";s:3:"iso";a:2:{i:1;s:2:"oc";i:2;s:3:"oci";}s:7:"strings";a:1:{s:8:"continue";s:9:"Contunhar";}}s:5:"pl_PL";a:8:{s:8:"language";s:5:"pl_PL";s:7:"version";s:5:"4.5.4";s:7:"updated";s:19:"2016-06-23 08:13:15";s:12:"english_name";s:6:"Polish";s:11:"native_name";s:6:"Polski";s:7:"package";s:64:"https://downloads.wordpress.org/translation/core/4.5.4/pl_PL.zip";s:3:"iso";a:2:{i:1;s:2:"pl";i:2;s:3:"pol";}s:7:"strings";a:1:{s:8:"continue";s:9:"Kontynuuj";}}s:2:"ps";a:8:{s:8:"language";s:2:"ps";s:7:"version";s:6:"4.1.13";s:7:"updated";s:19:"2015-03-29 22:19:48";s:12:"english_name";s:6:"Pashto";s:11:"native_name";s:8:"پښتو";s:7:"package";s:62:"https://downloads.wordpress.org/translation/core/4.1.13/ps.zip";s:3:"iso";a:2:{i:1;s:2:"ps";i:2;s:3:"pus";}s:7:"strings";a:1:{s:8:"continue";s:19:"دوام ورکړه";}}s:5:"pt_BR";a:8:{s:8:"language";s:5:"pt_BR";s:7:"version";s:5:"4.5.4";s:7:"updated";s:19:"2016-06-30 23:41:16";s:12:"english_name";s:19:"Portuguese (Brazil)";s:11:"native_name";s:20:"Português do Brasil";s:7:"package";s:64:"https://downloads.wordpress.org/translation/core/4.5.4/pt_BR.zip";s:3:"iso";a:2:{i:1;s:2:"pt";i:2;s:3:"por";}s:7:"strings";a:1:{s:8:"continue";s:9:"Continuar";}}s:5:"pt_PT";a:8:{s:8:"language";s:5:"pt_PT";s:7:"version";s:5:"4.5.4";s:7:"updated";s:19:"2016-10-16 13:49:40";s:12:"english_name";s:21:"Portuguese (Portugal)";s:11:"native_name";s:10:"Português";s:7:"package";s:64:"https://downloads.wordpress.org/translation/core/4.5.4/pt_PT.zip";s:3:"iso";a:1:{i:1;s:2:"pt";}s:7:"strings";a:1:{s:8:"continue";s:9:"Continuar";}}s:5:"ro_RO";a:8:{s:8:"language";s:5:"ro_RO";s:7:"version";s:5:"4.5.4";s:7:"updated";s:19:"2016-06-28 05:26:21";s:12:"english_name";s:8:"Romanian";s:11:"native_name";s:8:"Română";s:7:"package";s:64:"https://downloads.wordpress.org/translation/core/4.5.4/ro_RO.zip";s:3:"iso";a:2:{i:1;s:2:"ro";i:2;s:3:"ron";}s:7:"strings";a:1:{s:8:"continue";s:9:"Continuă";}}s:5:"ru_RU";a:8:{s:8:"language";s:5:"ru_RU";s:7:"version";s:5:"4.5.4";s:7:"updated";s:19:"2016-06-26 13:55:57";s:12:"english_name";s:7:"Russian";s:11:"native_name";s:14:"Русский";s:7:"package";s:64:"https://downloads.wordpress.org/translation/core/4.5.4/ru_RU.zip";s:3:"iso";a:2:{i:1;s:2:"ru";i:2;s:3:"rus";}s:7:"strings";a:1:{s:8:"continue";s:20:"Продолжить";}}s:5:"sk_SK";a:8:{s:8:"language";s:5:"sk_SK";s:7:"version";s:5:"4.5.4";s:7:"updated";s:19:"2016-08-15 21:05:03";s:12:"english_name";s:6:"Slovak";s:11:"native_name";s:11:"Slovenčina";s:7:"package";s:64:"https://downloads.wordpress.org/translation/core/4.5.4/sk_SK.zip";s:3:"iso";a:2:{i:1;s:2:"sk";i:2;s:3:"slk";}s:7:"strings";a:1:{s:8:"continue";s:12:"Pokračovať";}}s:5:"sl_SI";a:8:{s:8:"language";s:5:"sl_SI";s:7:"version";s:5:"4.5.4";s:7:"updated";s:19:"2016-07-29 21:37:59";s:12:"english_name";s:9:"Slovenian";s:11:"native_name";s:13:"Slovenščina";s:7:"package";s:64:"https://downloads.wordpress.org/translation/core/4.5.4/sl_SI.zip";s:3:"iso";a:2:{i:1;s:2:"sl";i:2;s:3:"slv";}s:7:"strings";a:1:{s:8:"continue";s:8:"Nadaljuj";}}s:2:"sq";a:8:{s:8:"language";s:2:"sq";s:7:"version";s:5:"4.5.4";s:7:"updated";s:19:"2016-06-23 09:08:48";s:12:"english_name";s:8:"Albanian";s:11:"native_name";s:5:"Shqip";s:7:"package";s:61:"https://downloads.wordpress.org/translation/core/4.5.4/sq.zip";s:3:"iso";a:2:{i:1;s:2:"sq";i:2;s:3:"sqi";}s:7:"strings";a:1:{s:8:"continue";s:6:"Vazhdo";}}s:5:"sr_RS";a:8:{s:8:"language";s:5:"sr_RS";s:7:"version";s:5:"4.5.4";s:7:"updated";s:19:"2016-07-28 05:05:25";s:12:"english_name";s:7:"Serbian";s:11:"native_name";s:23:"Српски језик";s:7:"package";s:64:"https://downloads.wordpress.org/translation/core/4.5.4/sr_RS.zip";s:3:"iso";a:2:{i:1;s:2:"sr";i:2;s:3:"srp";}s:7:"strings";a:1:{s:8:"continue";s:14:"Настави";}}s:5:"sv_SE";a:8:{s:8:"language";s:5:"sv_SE";s:7:"version";s:5:"4.5.4";s:7:"updated";s:19:"2016-06-23 10:13:40";s:12:"english_name";s:7:"Swedish";s:11:"native_name";s:7:"Svenska";s:7:"package";s:64:"https://downloads.wordpress.org/translation/core/4.5.4/sv_SE.zip";s:3:"iso";a:2:{i:1;s:2:"sv";i:2;s:3:"swe";}s:7:"strings";a:1:{s:8:"continue";s:9:"Fortsätt";}}s:2:"th";a:8:{s:8:"language";s:2:"th";s:7:"version";s:5:"4.5.4";s:7:"updated";s:19:"2016-06-30 10:22:26";s:12:"english_name";s:4:"Thai";s:11:"native_name";s:9:"ไทย";s:7:"package";s:61:"https://downloads.wordpress.org/translation/core/4.5.4/th.zip";s:3:"iso";a:2:{i:1;s:2:"th";i:2;s:3:"tha";}s:7:"strings";a:1:{s:8:"continue";s:15:"ต่อไป";}}s:2:"tl";a:8:{s:8:"language";s:2:"tl";s:7:"version";s:5:"4.4.2";s:7:"updated";s:19:"2015-11-27 15:51:36";s:12:"english_name";s:7:"Tagalog";s:11:"native_name";s:7:"Tagalog";s:7:"package";s:61:"https://downloads.wordpress.org/translation/core/4.4.2/tl.zip";s:3:"iso";a:2:{i:1;s:2:"tl";i:2;s:3:"tgl";}s:7:"strings";a:1:{s:8:"continue";s:10:"Magpatuloy";}}s:5:"tr_TR";a:8:{s:8:"language";s:5:"tr_TR";s:7:"version";s:5:"4.5.4";s:7:"updated";s:19:"2016-06-26 08:25:58";s:12:"english_name";s:7:"Turkish";s:11:"native_name";s:8:"Türkçe";s:7:"package";s:64:"https://downloads.wordpress.org/translation/core/4.5.4/tr_TR.zip";s:3:"iso";a:2:{i:1;s:2:"tr";i:2;s:3:"tur";}s:7:"strings";a:1:{s:8:"continue";s:5:"Devam";}}s:5:"ug_CN";a:8:{s:8:"language";s:5:"ug_CN";s:7:"version";s:5:"4.5.4";s:7:"updated";s:19:"2016-06-22 12:27:05";s:12:"english_name";s:6:"Uighur";s:11:"native_name";s:9:"Uyƣurqə";s:7:"package";s:64:"https://downloads.wordpress.org/translation/core/4.5.4/ug_CN.zip";s:3:"iso";a:2:{i:1;s:2:"ug";i:2;s:3:"uig";}s:7:"strings";a:1:{s:8:"continue";s:26:"داۋاملاشتۇرۇش";}}s:2:"uk";a:8:{s:8:"language";s:2:"uk";s:7:"version";s:5:"4.5.4";s:7:"updated";s:19:"2016-07-20 19:27:06";s:12:"english_name";s:9:"Ukrainian";s:11:"native_name";s:20:"Українська";s:7:"package";s:61:"https://downloads.wordpress.org/translation/core/4.5.4/uk.zip";s:3:"iso";a:2:{i:1;s:2:"uk";i:2;s:3:"ukr";}s:7:"strings";a:1:{s:8:"continue";s:20:"Продовжити";}}s:2:"vi";a:8:{s:8:"language";s:2:"vi";s:7:"version";s:5:"4.4.2";s:7:"updated";s:19:"2015-12-09 01:01:25";s:12:"english_name";s:10:"Vietnamese";s:11:"native_name";s:14:"Tiếng Việt";s:7:"package";s:61:"https://downloads.wordpress.org/translation/core/4.4.2/vi.zip";s:3:"iso";a:2:{i:1;s:2:"vi";i:2;s:3:"vie";}s:7:"strings";a:1:{s:8:"continue";s:12:"Tiếp tục";}}s:5:"zh_CN";a:8:{s:8:"language";s:5:"zh_CN";s:7:"version";s:5:"4.5.4";s:7:"updated";s:19:"2016-04-17 03:29:01";s:12:"english_name";s:15:"Chinese (China)";s:11:"native_name";s:12:"简体中文";s:7:"package";s:64:"https://downloads.wordpress.org/translation/core/4.5.4/zh_CN.zip";s:3:"iso";a:2:{i:1;s:2:"zh";i:2;s:3:"zho";}s:7:"strings";a:1:{s:8:"continue";s:6:"继续";}}s:5:"zh_TW";a:8:{s:8:"language";s:5:"zh_TW";s:7:"version";s:5:"4.5.4";s:7:"updated";s:19:"2016-04-12 09:08:07";s:12:"english_name";s:16:"Chinese (Taiwan)";s:11:"native_name";s:12:"繁體中文";s:7:"package";s:64:"https://downloads.wordpress.org/translation/core/4.5.4/zh_TW.zip";s:3:"iso";a:2:{i:1;s:2:"zh";i:2;s:3:"zho";}s:7:"strings";a:1:{s:8:"continue";s:6:"繼續";}}}', 'yes'),
(135, 'od_phptitle', 'yes', 'yes'),
(136, 'od_phpcontent', 'yes', 'yes'),
(137, 'od_phpwidget', 'yes', 'yes'),
(138, 'theme_mods_twentysixteen', 'a:1:{s:16:"sidebars_widgets";a:2:{s:4:"time";i:1476808877;s:4:"data";a:2:{s:19:"wp_inactive_widgets";a:0:{}s:9:"sidebar-1";a:6:{i:0;s:8:"search-2";i:1;s:14:"recent-posts-2";i:2;s:17:"recent-comments-2";i:3;s:10:"archives-2";i:4;s:12:"categories-2";i:5;s:6:"meta-2";}}}}', 'yes'),
(139, 'current_theme', 'Twenty Fourteen', 'yes'),
(140, 'theme_mods_twentyfourteen', 'a:5:{i:0;b:0;s:16:"header_textcolor";s:6:"dd1818";s:12:"header_image";s:76:"http://www.chwiledwie.pl/d1/wp-content/uploads/2016/10/cropped-header-bg.jpg";s:17:"header_image_data";O:8:"stdClass":5:{s:13:"attachment_id";i:6;s:3:"url";s:76:"http://www.chwiledwie.pl/d1/wp-content/uploads/2016/10/cropped-header-bg.jpg";s:13:"thumbnail_url";s:76:"http://www.chwiledwie.pl/d1/wp-content/uploads/2016/10/cropped-header-bg.jpg";s:6:"height";i:326;s:5:"width";i:1260;}s:18:"nav_menu_locations";a:1:{s:7:"primary";i:2;}}', 'yes'),
(141, 'theme_switched', '', 'yes'),
(142, 'widget_widget_twentyfourteen_ephemera', 'a:1:{s:12:"_multiwidget";i:1;}', 'yes'),
(155, 'nav_menu_options', 'a:1:{s:8:"auto_add";a:0:{}}', 'yes'),
(164, 'category_children', 'a:0:{}', 'yes'),
(209, '_transient_is_multi_author', '0', 'yes'),
(210, '_transient_featured_content_ids', 'a:0:{}', 'yes'),
(219, '_site_transient_timeout_theme_roots', '1478717236', 'yes'),
(220, '_site_transient_theme_roots', 'a:3:{s:13:"twentyfifteen";s:7:"/themes";s:14:"twentyfourteen";s:7:"/themes";s:13:"twentysixteen";s:7:"/themes";}', 'yes'),
(221, '_site_transient_update_themes', 'O:8:"stdClass":4:{s:12:"last_checked";i:1478715440;s:7:"checked";a:3:{s:13:"twentyfifteen";s:3:"1.5";s:14:"twentyfourteen";s:3:"1.7";s:13:"twentysixteen";s:3:"1.2";}s:8:"response";a:3:{s:13:"twentyfifteen";a:4:{s:5:"theme";s:13:"twentyfifteen";s:11:"new_version";s:3:"1.6";s:3:"url";s:43:"https://wordpress.org/themes/twentyfifteen/";s:7:"package";s:59:"https://downloads.wordpress.org/theme/twentyfifteen.1.6.zip";}s:14:"twentyfourteen";a:4:{s:5:"theme";s:14:"twentyfourteen";s:11:"new_version";s:3:"1.8";s:3:"url";s:44:"https://wordpress.org/themes/twentyfourteen/";s:7:"package";s:60:"https://downloads.wordpress.org/theme/twentyfourteen.1.8.zip";}s:13:"twentysixteen";a:4:{s:5:"theme";s:13:"twentysixteen";s:11:"new_version";s:3:"1.3";s:3:"url";s:43:"https://wordpress.org/themes/twentysixteen/";s:7:"package";s:59:"https://downloads.wordpress.org/theme/twentysixteen.1.3.zip";}}s:12:"translations";a:0:{}}', 'yes'),
(222, '_site_transient_update_plugins', 'O:8:"stdClass":4:{s:12:"last_checked";i:1478715438;s:8:"response";a:1:{s:19:"akismet/akismet.php";O:8:"stdClass":8:{s:2:"id";s:2:"15";s:4:"slug";s:7:"akismet";s:6:"plugin";s:19:"akismet/akismet.php";s:11:"new_version";s:3:"3.2";s:3:"url";s:38:"https://wordpress.org/plugins/akismet/";s:7:"package";s:54:"https://downloads.wordpress.org/plugin/akismet.3.2.zip";s:6:"tested";s:5:"4.6.1";s:13:"compatibility";O:8:"stdClass":1:{s:6:"scalar";O:8:"stdClass":1:{s:6:"scalar";b:0;}}}}s:12:"translations";a:0:{}s:9:"no_update";a:3:{s:39:"allow-php-execute/allow-php-execute.php";O:8:"stdClass":6:{s:2:"id";s:5:"63303";s:4:"slug";s:17:"allow-php-execute";s:6:"plugin";s:39:"allow-php-execute/allow-php-execute.php";s:11:"new_version";s:3:"1.0";s:3:"url";s:48:"https://wordpress.org/plugins/allow-php-execute/";s:7:"package";s:60:"https://downloads.wordpress.org/plugin/allow-php-execute.zip";}s:61:"background-music-player-lite/background-music-player-lite.php";O:8:"stdClass":6:{s:2:"id";s:5:"49265";s:4:"slug";s:28:"background-music-player-lite";s:6:"plugin";s:61:"background-music-player-lite/background-music-player-lite.php";s:11:"new_version";s:5:"1.0.0";s:3:"url";s:59:"https://wordpress.org/plugins/background-music-player-lite/";s:7:"package";s:71:"https://downloads.wordpress.org/plugin/background-music-player-lite.zip";}s:9:"hello.php";O:8:"stdClass":6:{s:2:"id";s:4:"3564";s:4:"slug";s:11:"hello-dolly";s:6:"plugin";s:9:"hello.php";s:11:"new_version";s:3:"1.6";s:3:"url";s:42:"https://wordpress.org/plugins/hello-dolly/";s:7:"package";s:58:"https://downloads.wordpress.org/plugin/hello-dolly.1.6.zip";}}}', 'yes');

-- --------------------------------------------------------

--
-- Struktura tabeli dla tabeli `wp_1postmeta`
--

CREATE TABLE IF NOT EXISTS `wp_1postmeta` (
  `meta_id` bigint(20) unsigned NOT NULL AUTO_INCREMENT,
  `post_id` bigint(20) unsigned NOT NULL DEFAULT '0',
  `meta_key` varchar(255) COLLATE utf8mb4_unicode_ci DEFAULT NULL,
  `meta_value` longtext COLLATE utf8mb4_unicode_ci,
  PRIMARY KEY (`meta_id`),
  KEY `post_id` (`post_id`),
  KEY `meta_key` (`meta_key`(191))
) ENGINE=InnoDB  DEFAULT CHARSET=utf8mb4 COLLATE=utf8mb4_unicode_ci AUTO_INCREMENT=76 ;

--
-- Zrzut danych tabeli `wp_1postmeta`
--

INSERT INTO `wp_1postmeta` (`meta_id`, `post_id`, `meta_key`, `meta_value`) VALUES
(5, 5, '_wp_attached_file', '2016/10/header-bg.jpg'),
(6, 5, '_wp_attachment_metadata', 'a:5:{s:5:"width";i:1900;s:6:"height";i:1250;s:4:"file";s:21:"2016/10/header-bg.jpg";s:5:"sizes";a:6:{s:9:"thumbnail";a:4:{s:4:"file";s:21:"header-bg-150x150.jpg";s:5:"width";i:150;s:6:"height";i:150;s:9:"mime-type";s:10:"image/jpeg";}s:6:"medium";a:4:{s:4:"file";s:21:"header-bg-300x197.jpg";s:5:"width";i:300;s:6:"height";i:197;s:9:"mime-type";s:10:"image/jpeg";}s:12:"medium_large";a:4:{s:4:"file";s:21:"header-bg-768x505.jpg";s:5:"width";i:768;s:6:"height";i:505;s:9:"mime-type";s:10:"image/jpeg";}s:5:"large";a:4:{s:4:"file";s:22:"header-bg-1024x674.jpg";s:5:"width";i:1024;s:6:"height";i:674;s:9:"mime-type";s:10:"image/jpeg";}s:14:"post-thumbnail";a:4:{s:4:"file";s:21:"header-bg-672x372.jpg";s:5:"width";i:672;s:6:"height";i:372;s:9:"mime-type";s:10:"image/jpeg";}s:25:"twentyfourteen-full-width";a:4:{s:4:"file";s:22:"header-bg-1038x576.jpg";s:5:"width";i:1038;s:6:"height";i:576;s:9:"mime-type";s:10:"image/jpeg";}}s:10:"image_meta";a:12:{s:8:"aperture";s:1:"0";s:6:"credit";s:0:"";s:6:"camera";s:0:"";s:7:"caption";s:0:"";s:17:"created_timestamp";s:1:"0";s:9:"copyright";s:0:"";s:12:"focal_length";s:1:"0";s:3:"iso";s:1:"0";s:13:"shutter_speed";s:1:"0";s:5:"title";s:0:"";s:11:"orientation";s:1:"0";s:8:"keywords";a:0:{}}}'),
(7, 6, '_wp_attached_file', '2016/10/cropped-header-bg.jpg'),
(8, 6, '_wp_attachment_context', 'custom-header'),
(9, 6, '_wp_attachment_metadata', 'a:5:{s:5:"width";i:1260;s:6:"height";i:326;s:4:"file";s:29:"2016/10/cropped-header-bg.jpg";s:5:"sizes";a:6:{s:9:"thumbnail";a:4:{s:4:"file";s:29:"cropped-header-bg-150x150.jpg";s:5:"width";i:150;s:6:"height";i:150;s:9:"mime-type";s:10:"image/jpeg";}s:6:"medium";a:4:{s:4:"file";s:28:"cropped-header-bg-300x78.jpg";s:5:"width";i:300;s:6:"height";i:78;s:9:"mime-type";s:10:"image/jpeg";}s:12:"medium_large";a:4:{s:4:"file";s:29:"cropped-header-bg-768x199.jpg";s:5:"width";i:768;s:6:"height";i:199;s:9:"mime-type";s:10:"image/jpeg";}s:5:"large";a:4:{s:4:"file";s:30:"cropped-header-bg-1024x265.jpg";s:5:"width";i:1024;s:6:"height";i:265;s:9:"mime-type";s:10:"image/jpeg";}s:14:"post-thumbnail";a:4:{s:4:"file";s:29:"cropped-header-bg-672x326.jpg";s:5:"width";i:672;s:6:"height";i:326;s:9:"mime-type";s:10:"image/jpeg";}s:25:"twentyfourteen-full-width";a:4:{s:4:"file";s:30:"cropped-header-bg-1038x326.jpg";s:5:"width";i:1038;s:6:"height";i:326;s:9:"mime-type";s:10:"image/jpeg";}}s:10:"image_meta";a:12:{s:8:"aperture";s:1:"0";s:6:"credit";s:0:"";s:6:"camera";s:0:"";s:7:"caption";s:0:"";s:17:"created_timestamp";s:1:"0";s:9:"copyright";s:0:"";s:12:"focal_length";s:1:"0";s:3:"iso";s:1:"0";s:13:"shutter_speed";s:1:"0";s:5:"title";s:0:"";s:11:"orientation";s:1:"0";s:8:"keywords";a:0:{}}}'),
(10, 6, '_wp_attachment_custom_header_last_used_twentyfourteen', '1476809196'),
(11, 6, '_wp_attachment_is_custom_header', 'twentyfourteen'),
(15, 10, '_edit_last', '1'),
(16, 10, '_edit_lock', '1476811047:1'),
(17, 10, '_wp_page_template', 'default'),
(18, 12, '_wp_attached_file', '2016/10/pancompany.jpg'),
(19, 12, '_wp_attachment_metadata', 'a:5:{s:5:"width";i:3968;s:6:"height";i:720;s:4:"file";s:22:"2016/10/pancompany.jpg";s:5:"sizes";a:6:{s:9:"thumbnail";a:4:{s:4:"file";s:22:"pancompany-150x150.jpg";s:5:"width";i:150;s:6:"height";i:150;s:9:"mime-type";s:10:"image/jpeg";}s:6:"medium";a:4:{s:4:"file";s:21:"pancompany-300x54.jpg";s:5:"width";i:300;s:6:"height";i:54;s:9:"mime-type";s:10:"image/jpeg";}s:12:"medium_large";a:4:{s:4:"file";s:22:"pancompany-768x139.jpg";s:5:"width";i:768;s:6:"height";i:139;s:9:"mime-type";s:10:"image/jpeg";}s:5:"large";a:4:{s:4:"file";s:23:"pancompany-1024x186.jpg";s:5:"width";i:1024;s:6:"height";i:186;s:9:"mime-type";s:10:"image/jpeg";}s:14:"post-thumbnail";a:4:{s:4:"file";s:22:"pancompany-672x372.jpg";s:5:"width";i:672;s:6:"height";i:372;s:9:"mime-type";s:10:"image/jpeg";}s:25:"twentyfourteen-full-width";a:4:{s:4:"file";s:23:"pancompany-1038x576.jpg";s:5:"width";i:1038;s:6:"height";i:576;s:9:"mime-type";s:10:"image/jpeg";}}s:10:"image_meta";a:12:{s:8:"aperture";s:1:"3";s:6:"credit";s:0:"";s:6:"camera";s:5:"SZ-17";s:7:"caption";s:22:"OLYMPUS DIGITAL CAMERA";s:17:"created_timestamp";s:10:"1476313251";s:9:"copyright";s:0:"";s:12:"focal_length";s:3:"4.5";s:3:"iso";s:4:"1250";s:13:"shutter_speed";s:5:"0.025";s:5:"title";s:22:"OLYMPUS DIGITAL CAMERA";s:11:"orientation";s:1:"1";s:8:"keywords";a:0:{}}}'),
(20, 15, '_wp_attached_file', '2016/10/morff.gif'),
(21, 15, '_wp_attachment_metadata', 'a:5:{s:5:"width";i:192;s:6:"height";i:240;s:4:"file";s:17:"2016/10/morff.gif";s:5:"sizes";a:1:{s:9:"thumbnail";a:4:{s:4:"file";s:17:"morff-150x150.gif";s:5:"width";i:150;s:6:"height";i:150;s:9:"mime-type";s:9:"image/gif";}}s:10:"image_meta";a:12:{s:8:"aperture";s:1:"0";s:6:"credit";s:0:"";s:6:"camera";s:0:"";s:7:"caption";s:0:"";s:17:"created_timestamp";s:1:"0";s:9:"copyright";s:0:"";s:12:"focal_length";s:1:"0";s:3:"iso";s:1:"0";s:13:"shutter_speed";s:1:"0";s:5:"title";s:0:"";s:11:"orientation";s:1:"0";s:8:"keywords";a:0:{}}}'),
(22, 17, '_menu_item_type', 'post_type'),
(23, 17, '_menu_item_menu_item_parent', '0'),
(24, 17, '_menu_item_object_id', '10'),
(25, 17, '_menu_item_object', 'page'),
(26, 17, '_menu_item_target', ''),
(27, 17, '_menu_item_classes', 'a:1:{i:0;s:0:"";}'),
(28, 17, '_menu_item_xfn', ''),
(29, 17, '_menu_item_url', ''),
(30, 18, '_edit_last', '1'),
(31, 18, '_edit_lock', '1476809998:1'),
(32, 19, '_wp_attached_file', '2016/10/gifcompany.gif'),
(33, 19, '_wp_attachment_metadata', 'a:5:{s:5:"width";i:400;s:6:"height";i:267;s:4:"file";s:22:"2016/10/gifcompany.gif";s:5:"sizes";a:2:{s:9:"thumbnail";a:4:{s:4:"file";s:22:"gifcompany-150x150.gif";s:5:"width";i:150;s:6:"height";i:150;s:9:"mime-type";s:9:"image/gif";}s:6:"medium";a:4:{s:4:"file";s:22:"gifcompany-300x200.gif";s:5:"width";i:300;s:6:"height";i:200;s:9:"mime-type";s:9:"image/gif";}}s:10:"image_meta";a:12:{s:8:"aperture";s:1:"0";s:6:"credit";s:0:"";s:6:"camera";s:0:"";s:7:"caption";s:0:"";s:17:"created_timestamp";s:1:"0";s:9:"copyright";s:0:"";s:12:"focal_length";s:1:"0";s:3:"iso";s:1:"0";s:13:"shutter_speed";s:1:"0";s:5:"title";s:0:"";s:11:"orientation";s:1:"0";s:8:"keywords";a:0:{}}}'),
(34, 18, '_wp_page_template', 'default'),
(35, 21, '_edit_last', '1'),
(36, 21, '_edit_lock', '1476810225:1'),
(37, 22, '_wp_attached_file', '2016/10/me.jpg'),
(38, 22, '_wp_attachment_metadata', 'a:5:{s:5:"width";i:300;s:6:"height";i:375;s:4:"file";s:14:"2016/10/me.jpg";s:5:"sizes";a:3:{s:9:"thumbnail";a:4:{s:4:"file";s:14:"me-150x150.jpg";s:5:"width";i:150;s:6:"height";i:150;s:9:"mime-type";s:10:"image/jpeg";}s:6:"medium";a:4:{s:4:"file";s:14:"me-240x300.jpg";s:5:"width";i:240;s:6:"height";i:300;s:9:"mime-type";s:10:"image/jpeg";}s:14:"post-thumbnail";a:4:{s:4:"file";s:14:"me-300x372.jpg";s:5:"width";i:300;s:6:"height";i:372;s:9:"mime-type";s:10:"image/jpeg";}}s:10:"image_meta";a:12:{s:8:"aperture";s:1:"0";s:6:"credit";s:0:"";s:6:"camera";s:0:"";s:7:"caption";s:12:"biel michał";s:17:"created_timestamp";s:10:"1409674177";s:9:"copyright";s:0:"";s:12:"focal_length";s:1:"0";s:3:"iso";s:1:"0";s:13:"shutter_speed";s:1:"0";s:5:"title";s:12:"biel michał";s:11:"orientation";s:1:"1";s:8:"keywords";a:0:{}}}'),
(39, 23, '_wp_attached_file', '2016/10/me3.jpg'),
(40, 23, '_wp_attachment_metadata', 'a:5:{s:5:"width";i:300;s:6:"height";i:375;s:4:"file";s:15:"2016/10/me3.jpg";s:5:"sizes";a:3:{s:9:"thumbnail";a:4:{s:4:"file";s:15:"me3-150x150.jpg";s:5:"width";i:150;s:6:"height";i:150;s:9:"mime-type";s:10:"image/jpeg";}s:6:"medium";a:4:{s:4:"file";s:15:"me3-240x300.jpg";s:5:"width";i:240;s:6:"height";i:300;s:9:"mime-type";s:10:"image/jpeg";}s:14:"post-thumbnail";a:4:{s:4:"file";s:15:"me3-300x372.jpg";s:5:"width";i:300;s:6:"height";i:372;s:9:"mime-type";s:10:"image/jpeg";}}s:10:"image_meta";a:12:{s:8:"aperture";s:1:"0";s:6:"credit";s:0:"";s:6:"camera";s:0:"";s:7:"caption";s:12:"biel michał";s:17:"created_timestamp";s:10:"1409674177";s:9:"copyright";s:0:"";s:12:"focal_length";s:1:"0";s:3:"iso";s:1:"0";s:13:"shutter_speed";s:1:"0";s:5:"title";s:12:"biel michał";s:11:"orientation";s:1:"1";s:8:"keywords";a:0:{}}}'),
(41, 21, '_wp_page_template', 'default'),
(42, 25, '_wp_attached_file', '2016/10/escape.png'),
(43, 25, '_wp_attachment_metadata', 'a:5:{s:5:"width";i:400;s:6:"height";i:289;s:4:"file";s:18:"2016/10/escape.png";s:5:"sizes";a:2:{s:9:"thumbnail";a:4:{s:4:"file";s:18:"escape-150x150.png";s:5:"width";i:150;s:6:"height";i:150;s:9:"mime-type";s:9:"image/png";}s:6:"medium";a:4:{s:4:"file";s:18:"escape-300x217.png";s:5:"width";i:300;s:6:"height";i:217;s:9:"mime-type";s:9:"image/png";}}s:10:"image_meta";a:12:{s:8:"aperture";s:1:"0";s:6:"credit";s:0:"";s:6:"camera";s:0:"";s:7:"caption";s:0:"";s:17:"created_timestamp";s:1:"0";s:9:"copyright";s:0:"";s:12:"focal_length";s:1:"0";s:3:"iso";s:1:"0";s:13:"shutter_speed";s:1:"0";s:5:"title";s:0:"";s:11:"orientation";s:1:"0";s:8:"keywords";a:0:{}}}'),
(44, 26, '_wp_attached_file', '2016/10/cert.jpg'),
(45, 26, '_wp_attachment_metadata', 'a:5:{s:5:"width";i:640;s:6:"height";i:960;s:4:"file";s:16:"2016/10/cert.jpg";s:5:"sizes";a:4:{s:9:"thumbnail";a:4:{s:4:"file";s:16:"cert-150x150.jpg";s:5:"width";i:150;s:6:"height";i:150;s:9:"mime-type";s:10:"image/jpeg";}s:6:"medium";a:4:{s:4:"file";s:16:"cert-200x300.jpg";s:5:"width";i:200;s:6:"height";i:300;s:9:"mime-type";s:10:"image/jpeg";}s:14:"post-thumbnail";a:4:{s:4:"file";s:16:"cert-640x372.jpg";s:5:"width";i:640;s:6:"height";i:372;s:9:"mime-type";s:10:"image/jpeg";}s:25:"twentyfourteen-full-width";a:4:{s:4:"file";s:16:"cert-640x576.jpg";s:5:"width";i:640;s:6:"height";i:576;s:9:"mime-type";s:10:"image/jpeg";}}s:10:"image_meta";a:12:{s:8:"aperture";s:1:"3";s:6:"credit";s:0:"";s:6:"camera";s:5:"SZ-17";s:7:"caption";s:22:"OLYMPUS DIGITAL CAMERA";s:17:"created_timestamp";s:10:"1476374667";s:9:"copyright";s:0:"";s:12:"focal_length";s:3:"4.5";s:3:"iso";s:3:"125";s:13:"shutter_speed";s:17:"0.033333333333333";s:5:"title";s:22:"OLYMPUS DIGITAL CAMERA";s:11:"orientation";s:1:"8";s:8:"keywords";a:0:{}}}'),
(46, 28, '_edit_last', '1'),
(47, 28, '_edit_lock', '1476814282:1'),
(48, 28, '_wp_page_template', 'default'),
(49, 31, '_menu_item_type', 'post_type'),
(50, 31, '_menu_item_menu_item_parent', '0'),
(51, 31, '_menu_item_object_id', '28'),
(52, 31, '_menu_item_object', 'page'),
(53, 31, '_menu_item_target', ''),
(54, 31, '_menu_item_classes', 'a:1:{i:0;s:0:"";}'),
(55, 31, '_menu_item_xfn', ''),
(56, 31, '_menu_item_url', ''),
(58, 32, '_menu_item_type', 'post_type'),
(59, 32, '_menu_item_menu_item_parent', '0'),
(60, 32, '_menu_item_object_id', '21'),
(61, 32, '_menu_item_object', 'page'),
(62, 32, '_menu_item_target', ''),
(63, 32, '_menu_item_classes', 'a:1:{i:0;s:0:"";}'),
(64, 32, '_menu_item_xfn', ''),
(65, 32, '_menu_item_url', ''),
(67, 33, '_menu_item_type', 'post_type'),
(68, 33, '_menu_item_menu_item_parent', '0'),
(69, 33, '_menu_item_object_id', '18'),
(70, 33, '_menu_item_object', 'page'),
(71, 33, '_menu_item_target', ''),
(72, 33, '_menu_item_classes', 'a:1:{i:0;s:0:"";}'),
(73, 33, '_menu_item_xfn', ''),
(74, 33, '_menu_item_url', '');

-- --------------------------------------------------------

--
-- Struktura tabeli dla tabeli `wp_1posts`
--

CREATE TABLE IF NOT EXISTS `wp_1posts` (
  `ID` bigint(20) unsigned NOT NULL AUTO_INCREMENT,
  `post_author` bigint(20) unsigned NOT NULL DEFAULT '0',
  `post_date` datetime NOT NULL DEFAULT '0000-00-00 00:00:00',
  `post_date_gmt` datetime NOT NULL DEFAULT '0000-00-00 00:00:00',
  `post_content` longtext COLLATE utf8mb4_unicode_ci NOT NULL,
  `post_title` text COLLATE utf8mb4_unicode_ci NOT NULL,
  `post_excerpt` text COLLATE utf8mb4_unicode_ci NOT NULL,
  `post_status` varchar(20) COLLATE utf8mb4_unicode_ci NOT NULL DEFAULT 'publish',
  `comment_status` varchar(20) COLLATE utf8mb4_unicode_ci NOT NULL DEFAULT 'open',
  `ping_status` varchar(20) COLLATE utf8mb4_unicode_ci NOT NULL DEFAULT 'open',
  `post_password` varchar(20) COLLATE utf8mb4_unicode_ci NOT NULL DEFAULT '',
  `post_name` varchar(200) COLLATE utf8mb4_unicode_ci NOT NULL DEFAULT '',
  `to_ping` text COLLATE utf8mb4_unicode_ci NOT NULL,
  `pinged` text COLLATE utf8mb4_unicode_ci NOT NULL,
  `post_modified` datetime NOT NULL DEFAULT '0000-00-00 00:00:00',
  `post_modified_gmt` datetime NOT NULL DEFAULT '0000-00-00 00:00:00',
  `post_content_filtered` longtext COLLATE utf8mb4_unicode_ci NOT NULL,
  `post_parent` bigint(20) unsigned NOT NULL DEFAULT '0',
  `guid` varchar(255) COLLATE utf8mb4_unicode_ci NOT NULL DEFAULT '',
  `menu_order` int(11) NOT NULL DEFAULT '0',
  `post_type` varchar(20) COLLATE utf8mb4_unicode_ci NOT NULL DEFAULT 'post',
  `post_mime_type` varchar(100) COLLATE utf8mb4_unicode_ci NOT NULL DEFAULT '',
  `comment_count` bigint(20) NOT NULL DEFAULT '0',
  PRIMARY KEY (`ID`),
  KEY `post_name` (`post_name`(191)),
  KEY `type_status_date` (`post_type`,`post_status`,`post_date`,`ID`),
  KEY `post_parent` (`post_parent`),
  KEY `post_author` (`post_author`)
) ENGINE=InnoDB  DEFAULT CHARSET=utf8mb4 COLLATE=utf8mb4_unicode_ci AUTO_INCREMENT=36 ;

--
-- Zrzut danych tabeli `wp_1posts`
--

INSERT INTO `wp_1posts` (`ID`, `post_author`, `post_date`, `post_date_gmt`, `post_content`, `post_title`, `post_excerpt`, `post_status`, `comment_status`, `ping_status`, `post_password`, `post_name`, `to_ping`, `pinged`, `post_modified`, `post_modified_gmt`, `post_content_filtered`, `post_parent`, `guid`, `menu_order`, `post_type`, `post_mime_type`, `comment_count`) VALUES
(5, 1, '2016-10-18 18:45:32', '2016-10-18 16:45:32', '', 'header-bg', '', 'inherit', 'open', 'closed', '', 'header-bg', '', '', '2016-10-18 18:45:32', '2016-10-18 16:45:32', '', 0, 'http://www.chwiledwie.pl/d1/wp-content/uploads/2016/10/header-bg.jpg', 0, 'attachment', 'image/jpeg', 0),
(6, 1, '2016-10-18 18:45:48', '2016-10-18 16:45:48', '', 'cropped-header-bg.jpg', '', 'inherit', 'open', 'closed', '', 'cropped-header-bg-jpg', '', '', '2016-10-18 18:45:48', '2016-10-18 16:45:48', '', 0, 'http://www.chwiledwie.pl/d1/wp-content/uploads/2016/10/cropped-header-bg.jpg', 0, 'attachment', 'image/jpeg', 0),
(10, 1, '2016-10-18 18:57:38', '2016-10-18 16:57:38', '<!-- Historia Section -->\r\n    <section id="historia"  class="bg-light-gray">\r\n        <div class="container">\r\n            <div class="row">\r\n                <div class="col-lg-12 text-center">\r\n<object classid="clsid:D27CDB6E-AE6D-11cf-96B8-444553540000" codebase="http://download.macromedia.com/pub/shockwave/cabs/flash/swflash.cab#version=8,0,0,0" width="295" height="68">\r\n<param name="movie" value="flashvortex.swf" />\r\n<param name="quality" value="best" />\r\n<param name="menu" value="true" />\r\n<param name="allowScriptAccess" value="sameDomain" />\r\n<embed src="flashvortex.swf" quality="best" menu="true" width="295" height="68" type="application/x-shockwave-flash" pluginspage="http://www.macromedia.com/go/getflashplayer" allowScriptAccess="sameDomain" />\r\n</object>\r\n\r\n\r\n                    <h2 class="section-heading">O nas</h2>\r\n                    <h3 class="section-subheading text-muted">Moja historia...</h3>\r\n                </div>\r\n            </div>\r\n            <div class="row text-center">\r\n                \r\n                \r\n                    \r\n                \r\n                <div class="col-md-12">\r\n                    <h4 class="service-heading">Jak to się zaczeło?</h4>\r\n                    \r\n                    <img src="http://www.chwiledwie.pl/d1/wp-content/uploads/2016/10/pancompany.jpg"" class="img-responsive img-rounded myimg1"/>\r\n                 \r\n                    <p class="text-muted p1 ">Kiedy miałem 9 lat, będąc u kolegi, mialem okazję podejrzeć grę na keyboardzie. \r\n                        Bardzo mi się spodobała gra właśnie na tym instrumencie.\r\n                    Kolega zagrał mi utwór "Yesterday" Beatlesów. \r\n                    Wtedy mój tata widząc moje zainteresowanie zapytał, czy też chcę uczyć się grać. \r\n                    Odpowiedź była oczywista: Tak!\r\n                    \r\n                    </p>\r\n                    \r\n                    <p class="text-muted p1 ">\r\n                        Uczyełm się przez 5 lat pod okiem śp. Henryka Kudlickiego z Bydgoszczy. \r\n                        Po tym okresie był moment przerwy, niechęci do grania.\r\n                        Grałem sporadycznie. Aż w końcu wróciłem do gry. \r\n                        Po pewnym czasie kupiłem nowy instrument i zabawa zaczęła się na dobre.\r\n                        Wybór padł na keyboar: Yamaha PSR-S950. \r\n                    </p>\r\n                    \r\n                   \r\n                     <img src="http://www.chwiledwie.pl/d1/wp-content/uploads/2016/10/morff.gif" class="img-responsive img-rounded myimg1"/>\r\n                   \r\n                    \r\n                    \r\n                    <p class="text-muted p1 ">\r\n                        W roku 2014, w miesiącu wrześniu odbyły się warsztaty muzyczne pt.: Programowanie instrumentó klawiszowych YAMAHA.\r\n                        Do nadmorskiej miejscowości Sianożęty przybyło kilkanaście osób z kraju i zagranicy,\r\n                        gdzie w hotelu Imperiall przez 2 dni poznawaliśmy tajniki flagowych produktów firmy Yamaha.\r\n                        Oprócz obsługi instrumentów mogliśmy, także poznać od kuchni tworzenie plików STYLE i MIDI firmy Camaro24. \r\n                    </p>\r\n                    \r\n                   \r\n                </div>\r\n                \r\n               \r\n                \r\n                \r\n            </div>\r\n        </div>\r\n    </section>', 'Historia', '', 'publish', 'closed', 'closed', '', 'historia', '', '', '2016-10-18 19:19:48', '2016-10-18 17:19:48', '', 0, 'http://www.chwiledwie.pl/d1/?page_id=10', 0, 'page', '', 0),
(11, 1, '2016-10-18 18:55:21', '2016-10-18 16:55:21', '<!-- Historia Section -->\r\n    <section id="historia"  class="bg-light-gray">\r\n        <div class="container">\r\n            <div class="row">\r\n                <div class="col-lg-12 text-center">\r\n                    <h2 class="section-heading">O nas</h2>\r\n                    <h3 class="section-subheading text-muted">Moja historia...</h3>\r\n                </div>\r\n            </div>\r\n            <div class="row text-center">\r\n                \r\n                \r\n                    \r\n                \r\n                <div class="col-md-12">\r\n                    <h4 class="service-heading">Jak to się zaczeło?</h4>\r\n                    \r\n                    <img src="img/panCompany.JPG" class="img-responsive img-rounded myimg1"/>\r\n                    \r\n                    <p class="text-muted p1 ">Kiedy miałem 9 lat, będąc u kolegi, mialem okazję podejrzeć grę na keyboardzie. \r\n                        Bardzo mi się spodobała gra właśnie na tym instrumencie.\r\n                    Kolega zagrał mi utwór "Yesterday" Beatlesów. \r\n                    Wtedy mój tata widząc moje zainteresowanie zapytał, czy też chcę uczyć się grać. \r\n                    Odpowiedź była oczywista: Tak!\r\n                    \r\n                    </p>\r\n                    \r\n                    <p class="text-muted p1 ">\r\n                        Uczyełm się przez 5 lat pod okiem śp. Henryka Kudlickiego z Bydgoszczy. \r\n                        Po tym okresie był moment przerwy, niechęci do grania.\r\n                        Grałem sporadycznie. Aż w końcu wróciłem do gry. \r\n                        Po pewnym czasie kupiłem nowy instrument i zabawa zaczęła się na dobre.\r\n                        Wybór padł na keyboar: Yamaha PSR-S950. \r\n                    </p>\r\n                    \r\n                   \r\n                     <img src="img/morff.gif" class="img-responsive img-rounded myimg1"/>\r\n                    \r\n                    \r\n                    \r\n                    <p class="text-muted p1 ">\r\n                        W roku 2014, w miesiącu wrześniu odbyły się warsztaty muzyczne pt.: Programowanie instrumentó klawiszowych YAMAHA.\r\n                        Do nadmorskiej miejscowości Sianożęty przybyło kilkanaście osób z kraju i zagranicy,\r\n                        gdzie w hotelu Imperiall przez 2 dni poznawaliśmy tajniki flagowych produktów firmy Yamaha.\r\n                        Oprócz obsługi instrumentów mogliśmy, także poznać od kuchni tworzenie plików STYLE i MIDI firmy Camaro24. \r\n                    </p>\r\n                    \r\n                   \r\n                </div>\r\n                \r\n               \r\n                \r\n                \r\n            </div>\r\n        </div>\r\n    </section>', 'Historia', '', 'inherit', 'closed', 'closed', '', '10-revision-v1', '', '', '2016-10-18 18:55:21', '2016-10-18 16:55:21', '', 10, 'http://www.chwiledwie.pl/d1/index.php/2016/10/18/10-revision-v1/', 0, 'revision', '', 0),
(12, 1, '2016-10-18 18:55:52', '2016-10-18 16:55:52', '', 'OLYMPUS DIGITAL CAMERA', 'OLYMPUS DIGITAL CAMERA', 'inherit', 'closed', 'closed', '', 'olympus-digital-camera', '', '', '2016-10-18 18:55:52', '2016-10-18 16:55:52', '', 10, 'http://www.chwiledwie.pl/d1/wp-content/uploads/2016/10/pancompany.jpg', 0, 'attachment', 'image/jpeg', 0),
(13, 1, '2016-10-18 18:56:25', '2016-10-18 16:56:25', '<!-- Historia Section -->\r\n    <section id="historia"  class="bg-light-gray">\r\n        <div class="container">\r\n            <div class="row">\r\n                <div class="col-lg-12 text-center">\r\n                    <h2 class="section-heading">O nas</h2>\r\n                    <h3 class="section-subheading text-muted">Moja historia...</h3>\r\n                </div>\r\n            </div>\r\n            <div class="row text-center">\r\n                \r\n                \r\n                    \r\n                \r\n                <div class="col-md-12">\r\n                    <h4 class="service-heading">Jak to się zaczeło?</h4>\r\n                    \r\n                    <img src="src="http://www.chwiledwie.pl/d1/wp-content/uploads/2016/10/pancompany.jpg"" class="img-responsive img-rounded myimg1"/>\r\n                 \r\n                    <p class="text-muted p1 ">Kiedy miałem 9 lat, będąc u kolegi, mialem okazję podejrzeć grę na keyboardzie. \r\n                        Bardzo mi się spodobała gra właśnie na tym instrumencie.\r\n                    Kolega zagrał mi utwór "Yesterday" Beatlesów. \r\n                    Wtedy mój tata widząc moje zainteresowanie zapytał, czy też chcę uczyć się grać. \r\n                    Odpowiedź była oczywista: Tak!\r\n                    \r\n                    </p>\r\n                    \r\n                    <p class="text-muted p1 ">\r\n                        Uczyełm się przez 5 lat pod okiem śp. Henryka Kudlickiego z Bydgoszczy. \r\n                        Po tym okresie był moment przerwy, niechęci do grania.\r\n                        Grałem sporadycznie. Aż w końcu wróciłem do gry. \r\n                        Po pewnym czasie kupiłem nowy instrument i zabawa zaczęła się na dobre.\r\n                        Wybór padł na keyboar: Yamaha PSR-S950. \r\n                    </p>\r\n                    \r\n                   \r\n                     <img src="img/morff.gif" class="img-responsive img-rounded myimg1"/>\r\n                    \r\n                    \r\n                    \r\n                    <p class="text-muted p1 ">\r\n                        W roku 2014, w miesiącu wrześniu odbyły się warsztaty muzyczne pt.: Programowanie instrumentó klawiszowych YAMAHA.\r\n                        Do nadmorskiej miejscowości Sianożęty przybyło kilkanaście osób z kraju i zagranicy,\r\n                        gdzie w hotelu Imperiall przez 2 dni poznawaliśmy tajniki flagowych produktów firmy Yamaha.\r\n                        Oprócz obsługi instrumentów mogliśmy, także poznać od kuchni tworzenie plików STYLE i MIDI firmy Camaro24. \r\n                    </p>\r\n                    \r\n                   \r\n                </div>\r\n                \r\n               \r\n                \r\n                \r\n            </div>\r\n        </div>\r\n    </section>', 'Historia', '', 'inherit', 'closed', 'closed', '', '10-revision-v1', '', '', '2016-10-18 18:56:25', '2016-10-18 16:56:25', '', 10, 'http://www.chwiledwie.pl/d1/index.php/2016/10/18/10-revision-v1/', 0, 'revision', '', 0),
(14, 1, '2016-10-18 18:56:49', '2016-10-18 16:56:49', '<!-- Historia Section -->\r\n    <section id="historia"  class="bg-light-gray">\r\n        <div class="container">\r\n            <div class="row">\r\n                <div class="col-lg-12 text-center">\r\n                    <h2 class="section-heading">O nas</h2>\r\n                    <h3 class="section-subheading text-muted">Moja historia...</h3>\r\n                </div>\r\n            </div>\r\n            <div class="row text-center">\r\n                \r\n                \r\n                    \r\n                \r\n                <div class="col-md-12">\r\n                    <h4 class="service-heading">Jak to się zaczeło?</h4>\r\n                    \r\n                    <img src="http://www.chwiledwie.pl/d1/wp-content/uploads/2016/10/pancompany.jpg"" class="img-responsive img-rounded myimg1"/>\r\n                 \r\n                    <p class="text-muted p1 ">Kiedy miałem 9 lat, będąc u kolegi, mialem okazję podejrzeć grę na keyboardzie. \r\n                        Bardzo mi się spodobała gra właśnie na tym instrumencie.\r\n                    Kolega zagrał mi utwór "Yesterday" Beatlesów. \r\n                    Wtedy mój tata widząc moje zainteresowanie zapytał, czy też chcę uczyć się grać. \r\n                    Odpowiedź była oczywista: Tak!\r\n                    \r\n                    </p>\r\n                    \r\n                    <p class="text-muted p1 ">\r\n                        Uczyełm się przez 5 lat pod okiem śp. Henryka Kudlickiego z Bydgoszczy. \r\n                        Po tym okresie był moment przerwy, niechęci do grania.\r\n                        Grałem sporadycznie. Aż w końcu wróciłem do gry. \r\n                        Po pewnym czasie kupiłem nowy instrument i zabawa zaczęła się na dobre.\r\n                        Wybór padł na keyboar: Yamaha PSR-S950. \r\n                    </p>\r\n                    \r\n                   \r\n                     <img src="img/morff.gif" class="img-responsive img-rounded myimg1"/>\r\n                    \r\n                    \r\n                    \r\n                    <p class="text-muted p1 ">\r\n                        W roku 2014, w miesiącu wrześniu odbyły się warsztaty muzyczne pt.: Programowanie instrumentó klawiszowych YAMAHA.\r\n                        Do nadmorskiej miejscowości Sianożęty przybyło kilkanaście osób z kraju i zagranicy,\r\n                        gdzie w hotelu Imperiall przez 2 dni poznawaliśmy tajniki flagowych produktów firmy Yamaha.\r\n                        Oprócz obsługi instrumentów mogliśmy, także poznać od kuchni tworzenie plików STYLE i MIDI firmy Camaro24. \r\n                    </p>\r\n                    \r\n                   \r\n                </div>\r\n                \r\n               \r\n                \r\n                \r\n            </div>\r\n        </div>\r\n    </section>', 'Historia', '', 'inherit', 'closed', 'closed', '', '10-revision-v1', '', '', '2016-10-18 18:56:49', '2016-10-18 16:56:49', '', 10, 'http://www.chwiledwie.pl/d1/index.php/2016/10/18/10-revision-v1/', 0, 'revision', '', 0),
(15, 1, '2016-10-18 18:57:06', '2016-10-18 16:57:06', '', 'morff', '', 'inherit', 'closed', 'closed', '', 'morff', '', '', '2016-10-18 18:57:06', '2016-10-18 16:57:06', '', 10, 'http://www.chwiledwie.pl/d1/wp-content/uploads/2016/10/morff.gif', 0, 'attachment', 'image/gif', 0),
(16, 1, '2016-10-18 18:57:25', '2016-10-18 16:57:25', '<!-- Historia Section -->\r\n    <section id="historia"  class="bg-light-gray">\r\n        <div class="container">\r\n            <div class="row">\r\n                <div class="col-lg-12 text-center">\r\n                    <h2 class="section-heading">O nas</h2>\r\n                    <h3 class="section-subheading text-muted">Moja historia...</h3>\r\n                </div>\r\n            </div>\r\n            <div class="row text-center">\r\n                \r\n                \r\n                    \r\n                \r\n                <div class="col-md-12">\r\n                    <h4 class="service-heading">Jak to się zaczeło?</h4>\r\n                    \r\n                    <img src="http://www.chwiledwie.pl/d1/wp-content/uploads/2016/10/pancompany.jpg"" class="img-responsive img-rounded myimg1"/>\r\n                 \r\n                    <p class="text-muted p1 ">Kiedy miałem 9 lat, będąc u kolegi, mialem okazję podejrzeć grę na keyboardzie. \r\n                        Bardzo mi się spodobała gra właśnie na tym instrumencie.\r\n                    Kolega zagrał mi utwór "Yesterday" Beatlesów. \r\n                    Wtedy mój tata widząc moje zainteresowanie zapytał, czy też chcę uczyć się grać. \r\n                    Odpowiedź była oczywista: Tak!\r\n                    \r\n                    </p>\r\n                    \r\n                    <p class="text-muted p1 ">\r\n                        Uczyełm się przez 5 lat pod okiem śp. Henryka Kudlickiego z Bydgoszczy. \r\n                        Po tym okresie był moment przerwy, niechęci do grania.\r\n                        Grałem sporadycznie. Aż w końcu wróciłem do gry. \r\n                        Po pewnym czasie kupiłem nowy instrument i zabawa zaczęła się na dobre.\r\n                        Wybór padł na keyboar: Yamaha PSR-S950. \r\n                    </p>\r\n                    \r\n                   \r\n                     <img src="http://www.chwiledwie.pl/d1/wp-content/uploads/2016/10/morff.gif" class="img-responsive img-rounded myimg1"/>\r\n                   \r\n                    \r\n                    \r\n                    <p class="text-muted p1 ">\r\n                        W roku 2014, w miesiącu wrześniu odbyły się warsztaty muzyczne pt.: Programowanie instrumentó klawiszowych YAMAHA.\r\n                        Do nadmorskiej miejscowości Sianożęty przybyło kilkanaście osób z kraju i zagranicy,\r\n                        gdzie w hotelu Imperiall przez 2 dni poznawaliśmy tajniki flagowych produktów firmy Yamaha.\r\n                        Oprócz obsługi instrumentów mogliśmy, także poznać od kuchni tworzenie plików STYLE i MIDI firmy Camaro24. \r\n                    </p>\r\n                    \r\n                   \r\n                </div>\r\n                \r\n               \r\n                \r\n                \r\n            </div>\r\n        </div>\r\n    </section>', 'Historia', '', 'inherit', 'closed', 'closed', '', '10-revision-v1', '', '', '2016-10-18 18:57:25', '2016-10-18 16:57:25', '', 10, 'http://www.chwiledwie.pl/d1/index.php/2016/10/18/10-revision-v1/', 0, 'revision', '', 0),
(17, 1, '2016-10-18 19:00:05', '2016-10-18 17:00:05', ' ', '', '', 'publish', 'closed', 'closed', '', '17', '', '', '2016-10-18 19:08:10', '2016-10-18 17:08:10', '', 0, 'http://www.chwiledwie.pl/d1/index.php/2016/10/18/17/', 1, 'nav_menu_item', '', 0),
(18, 1, '2016-10-18 19:02:15', '2016-10-18 17:02:15', '  <!-- Services Section -->\r\n    <section id="services">\r\n        <div class="container">\r\n            <div class="row">\r\n                <div class="col-lg-12 text-center">\r\n                    <h2 class="section-heading">Oferujemy</h2>\r\n                    <h3 class="section-subheading text-muted">Czym, że jest muzyka...</h3>\r\n                    <img src="http://www.chwiledwie.pl/d1/wp-content/uploads/2016/10/gifcompany.gif" class="img-rounded myimg2"/>\r\n\r\n                </div>\r\n            </div>\r\n            \r\n            <div class="row text-center">\r\n                <div class="col-md-4">\r\n                    <span class="fa-stack fa-4x">\r\n                        <i class="fa fa-circle fa-stack-2x text-primary"></i>\r\n                        <i class="fa fa-music fa-stack-1x fa-inverse"></i>\r\n                    </span>\r\n                    <h4 class="service-heading">Oprawa muzyczna</h4>\r\n                    <p class="text-muted">Urodziny, imieniny, jubileusze, 18-stki oraz inne imprezy okolicznościowe przy muzyce dawnej i na czasie.</p>\r\n               \r\n  \r\n   <?php\r\n//tutaj podaj haslo,login,nazwe bazy i hosta\r\n\r\n\r\n\r\n$pass=''Discovery00'';\r\n$login=''20033357_0000004'';\r\n$host=''localhost'';\r\n$dbase=''20033357_0000004'';\r\n \r\n \r\n//logowanie do serwera mysql\r\n\r\n\r\n $mysqli = new mysqli($host, $login, $pass, $dbase);\r\n \r\n\r\n \r\n   \r\n \r\n                \r\n $resultSet = $mysqli->query("SELECT * FROM oferta");\r\n \r\n  \r\n  ?>              \r\n  <table id="tabelka">\r\n                        <tr>\r\n                            <td> <?php echo "Nazwa usługi: "; ?></td>\r\n                            \r\n                            <td><?php echo "Koszt usługi [PLN]: "; ?></td>\r\n  <?php\r\n         \r\n if($resultSet->num_rows != 0){\r\n     while($rows = $resultSet->fetch_assoc()){\r\n         $gr = $rows[''Grupa''];\r\n         $us = $rows[''Usluga''];\r\n          $price = $rows[''Cena''];\r\n          \r\n          \r\n              \r\n               switch($gr){ \r\n          case "1":\r\n         \r\n         ?>\r\n                    <tr>\r\n                            <td class="otherC">\r\n                            <?php\r\n                                     echo $us;\r\n                            ?>\r\n                                </td>\r\n                                <td class="otherC">\r\n                                <?php\r\n                                echo $price;\r\n                                ?>\r\n                                </td>\r\n                        </tr>\r\n                   \r\n                   <?php\r\n        \r\n  \r\n         \r\n          \r\n          break;\r\n               }\r\n     }\r\n }\r\n          ?>\r\n  </tr>\r\n   </table>\r\n  \r\n \r\n                </div>\r\n                <div class="col-md-4">\r\n                    <span class="fa-stack fa-4x">\r\n                        <i class="fa fa-circle fa-stack-2x text-primary"></i>\r\n                        <i class="fa fa-question-circle fa-stack-1x fa-inverse"></i>\r\n                    </span>\r\n                    <h4 class="service-heading">Kurs obsługi instrumentu</h4>\r\n                    <p class="text-muted">Nauczymy Ciebie korzystać z Twojego instrumentu Yamaha.</p>\r\n                    \r\n                              <?php\r\n               \r\n$pass=''Discovery00'';\r\n$login=''20033357_0000004'';\r\n$host=''localhost'';\r\n$dbase=''20033357_0000004'';\r\n \r\n \r\n//logowanie do serwera mysql\r\n\r\n\r\n $mysqli = new mysqli($host, $login, $pass, $dbase);\r\n \r\n\r\n \r\n   \r\n \r\n                \r\n $resultSet = $mysqli->query("SELECT * FROM oferta");\r\n  \r\n  ?>\r\n  <table id="tabelka">\r\n                        <tr>\r\n                            <td> <?php echo "Nazwa usługi: "; ?></td>\r\n                            \r\n                            <td><?php echo "Koszt usługi [PLN]: "; ?></td>\r\n                            \r\n                            <?php\r\n         \r\n if($resultSet->num_rows != 0){\r\n     while($rows = $resultSet->fetch_assoc()){\r\n         $gr = $rows[''Grupa''];\r\n         $us = $rows[''Usluga''];\r\n          $price = $rows[''Cena''];\r\n          \r\n          \r\n              \r\n               switch($gr){ \r\n          case "2":\r\n         ?>\r\n                           <tr>\r\n                            <td class="otherC">\r\n                            <?php\r\n                                     echo $us;\r\n                            ?>\r\n                                </td>\r\n                                <td class="otherC">\r\n                                <?php\r\n                                echo $price;\r\n                                ?>\r\n                                </td>\r\n                        </tr>\r\n                            \r\n         <?php\r\n        \r\n  \r\n         \r\n          \r\n          break;\r\n               }\r\n     }\r\n }\r\n          ?>\r\n              </tr>\r\n   </table>       \r\n                </div>\r\n                <div class="col-md-4">\r\n                    <span class="fa-stack fa-4x">\r\n                        <i class="fa fa-circle fa-stack-2x text-primary"></i>\r\n                        <i class="fa fa-book fa-stack-1x fa-inverse"></i>\r\n                    </span>\r\n                    <h4 class="service-heading">Nauka gry</h4>\r\n                    <p class="text-muted">Gram od... no właśnie od kiedy? Od 9 roku życia, a czas tak zleciał, że tu prawie 30-tka.</p>\r\n                \r\n                         <?php\r\n              \r\n$pass=''Discovery00'';\r\n$login=''20033357_0000004'';\r\n$host=''localhost'';\r\n$dbase=''20033357_0000004'';\r\n \r\n \r\n//logowanie do serwera mysql\r\n\r\n\r\n $mysqli = new mysqli($host, $login, $pass, $dbase);\r\n \r\n\r\n \r\n   \r\n \r\n                \r\n $resultSet = $mysqli->query("SELECT * FROM oferta");\r\n  ?>\r\n                    \r\n                    <table id="tabelka">\r\n                        <tr>\r\n                            <td> <?php echo "Nazwa usługi: "; ?></td>\r\n\r\n                            <td><?php echo "Koszt usługi [PLN]: "; ?></td>\r\n                            \r\n                            <?php\r\n         \r\n if($resultSet->num_rows != 0){\r\n     while($rows = $resultSet->fetch_assoc()){\r\n         $gr = $rows[''Grupa''];\r\n         $us = $rows[''Usluga''];\r\n          $price = $rows[''Cena''];\r\n          \r\n          \r\n              \r\n               switch($gr){ \r\n          case "3":\r\n         ?>\r\n                           <tr>\r\n                            <td class="otherC">\r\n                            <?php\r\n                                     echo $us;\r\n                            ?>\r\n                                </td>\r\n                                <td class="otherC">\r\n                                <?php\r\n                                echo $price;\r\n                                ?>\r\n                                </td>\r\n                        </tr>\r\n                            \r\n         <?php\r\n         \r\n  \r\n         \r\n          \r\n          break;\r\n               }\r\n     }\r\n }\r\n          ?>\r\n              </tr>\r\n   </table>   \r\n                </div>\r\n            </div>\r\n        </div>\r\n    </section>', 'Oferta', '', 'publish', 'closed', 'closed', '', 'oferta', '', '', '2016-10-18 19:02:15', '2016-10-18 17:02:15', '', 0, 'http://www.chwiledwie.pl/d1/?page_id=18', 0, 'page', '', 0),
(19, 1, '2016-10-18 19:01:45', '2016-10-18 17:01:45', '', 'gifcompany', '', 'inherit', 'closed', 'closed', '', 'gifcompany', '', '', '2016-10-18 19:01:45', '2016-10-18 17:01:45', '', 18, 'http://www.chwiledwie.pl/d1/wp-content/uploads/2016/10/gifcompany.gif', 0, 'attachment', 'image/gif', 0),
(20, 1, '2016-10-18 19:02:00', '2016-10-18 17:02:00', '  <!-- Services Section -->\r\n    <section id="services">\r\n        <div class="container">\r\n            <div class="row">\r\n                <div class="col-lg-12 text-center">\r\n                    <h2 class="section-heading">Oferujemy</h2>\r\n                    <h3 class="section-subheading text-muted">Czym, że jest muzyka...</h3>\r\n                    <img src="http://www.chwiledwie.pl/d1/wp-content/uploads/2016/10/gifcompany.gif" class="img-rounded myimg2"/>\r\n\r\n                </div>\r\n            </div>\r\n            \r\n            <div class="row text-center">\r\n                <div class="col-md-4">\r\n                    <span class="fa-stack fa-4x">\r\n                        <i class="fa fa-circle fa-stack-2x text-primary"></i>\r\n                        <i class="fa fa-music fa-stack-1x fa-inverse"></i>\r\n                    </span>\r\n                    <h4 class="service-heading">Oprawa muzyczna</h4>\r\n                    <p class="text-muted">Urodziny, imieniny, jubileusze, 18-stki oraz inne imprezy okolicznościowe przy muzyce dawnej i na czasie.</p>\r\n               \r\n  \r\n   <?php\r\n//tutaj podaj haslo,login,nazwe bazy i hosta\r\n\r\n\r\n\r\n$pass=''Discovery00'';\r\n$login=''20033357_0000004'';\r\n$host=''localhost'';\r\n$dbase=''20033357_0000004'';\r\n \r\n \r\n//logowanie do serwera mysql\r\n\r\n\r\n $mysqli = new mysqli($host, $login, $pass, $dbase);\r\n \r\n\r\n \r\n   \r\n \r\n                \r\n $resultSet = $mysqli->query("SELECT * FROM oferta");\r\n \r\n  \r\n  ?>              \r\n  <table id="tabelka">\r\n                        <tr>\r\n                            <td> <?php echo "Nazwa usługi: "; ?></td>\r\n                            \r\n                            <td><?php echo "Koszt usługi [PLN]: "; ?></td>\r\n  <?php\r\n         \r\n if($resultSet->num_rows != 0){\r\n     while($rows = $resultSet->fetch_assoc()){\r\n         $gr = $rows[''Grupa''];\r\n         $us = $rows[''Usluga''];\r\n          $price = $rows[''Cena''];\r\n          \r\n          \r\n              \r\n               switch($gr){ \r\n          case "1":\r\n         \r\n         ?>\r\n                    <tr>\r\n                            <td class="otherC">\r\n                            <?php\r\n                                     echo $us;\r\n                            ?>\r\n                                </td>\r\n                                <td class="otherC">\r\n                                <?php\r\n                                echo $price;\r\n                                ?>\r\n                                </td>\r\n                        </tr>\r\n                   \r\n                   <?php\r\n        \r\n  \r\n         \r\n          \r\n          break;\r\n               }\r\n     }\r\n }\r\n          ?>\r\n  </tr>\r\n   </table>\r\n  \r\n \r\n                </div>\r\n                <div class="col-md-4">\r\n                    <span class="fa-stack fa-4x">\r\n                        <i class="fa fa-circle fa-stack-2x text-primary"></i>\r\n                        <i class="fa fa-question-circle fa-stack-1x fa-inverse"></i>\r\n                    </span>\r\n                    <h4 class="service-heading">Kurs obsługi instrumentu</h4>\r\n                    <p class="text-muted">Nauczymy Ciebie korzystać z Twojego instrumentu Yamaha.</p>\r\n                    \r\n                              <?php\r\n               \r\n$pass=''Discovery00'';\r\n$login=''20033357_0000004'';\r\n$host=''localhost'';\r\n$dbase=''20033357_0000004'';\r\n \r\n \r\n//logowanie do serwera mysql\r\n\r\n\r\n $mysqli = new mysqli($host, $login, $pass, $dbase);\r\n \r\n\r\n \r\n   \r\n \r\n                \r\n $resultSet = $mysqli->query("SELECT * FROM oferta");\r\n  \r\n  ?>\r\n  <table id="tabelka">\r\n                        <tr>\r\n                            <td> <?php echo "Nazwa usługi: "; ?></td>\r\n                            \r\n                            <td><?php echo "Koszt usługi [PLN]: "; ?></td>\r\n                            \r\n                            <?php\r\n         \r\n if($resultSet->num_rows != 0){\r\n     while($rows = $resultSet->fetch_assoc()){\r\n         $gr = $rows[''Grupa''];\r\n         $us = $rows[''Usluga''];\r\n          $price = $rows[''Cena''];\r\n          \r\n          \r\n              \r\n               switch($gr){ \r\n          case "2":\r\n         ?>\r\n                           <tr>\r\n                            <td class="otherC">\r\n                            <?php\r\n                                     echo $us;\r\n                            ?>\r\n                                </td>\r\n                                <td class="otherC">\r\n                                <?php\r\n                                echo $price;\r\n                                ?>\r\n                                </td>\r\n                        </tr>\r\n                            \r\n         <?php\r\n        \r\n  \r\n         \r\n          \r\n          break;\r\n               }\r\n     }\r\n }\r\n          ?>\r\n              </tr>\r\n   </table>       \r\n                </div>\r\n                <div class="col-md-4">\r\n                    <span class="fa-stack fa-4x">\r\n                        <i class="fa fa-circle fa-stack-2x text-primary"></i>\r\n                        <i class="fa fa-book fa-stack-1x fa-inverse"></i>\r\n                    </span>\r\n                    <h4 class="service-heading">Nauka gry</h4>\r\n                    <p class="text-muted">Gram od... no właśnie od kiedy? Od 9 roku życia, a czas tak zleciał, że tu prawie 30-tka.</p>\r\n                \r\n                         <?php\r\n              \r\n$pass=''Discovery00'';\r\n$login=''20033357_0000004'';\r\n$host=''localhost'';\r\n$dbase=''20033357_0000004'';\r\n \r\n \r\n//logowanie do serwera mysql\r\n\r\n\r\n $mysqli = new mysqli($host, $login, $pass, $dbase);\r\n \r\n\r\n \r\n   \r\n \r\n                \r\n $resultSet = $mysqli->query("SELECT * FROM oferta");\r\n  ?>\r\n                    \r\n                    <table id="tabelka">\r\n                        <tr>\r\n                            <td> <?php echo "Nazwa usługi: "; ?></td>\r\n\r\n                            <td><?php echo "Koszt usługi [PLN]: "; ?></td>\r\n                            \r\n                            <?php\r\n         \r\n if($resultSet->num_rows != 0){\r\n     while($rows = $resultSet->fetch_assoc()){\r\n         $gr = $rows[''Grupa''];\r\n         $us = $rows[''Usluga''];\r\n          $price = $rows[''Cena''];\r\n          \r\n          \r\n              \r\n               switch($gr){ \r\n          case "3":\r\n         ?>\r\n                           <tr>\r\n                            <td class="otherC">\r\n                            <?php\r\n                                     echo $us;\r\n                            ?>\r\n                                </td>\r\n                                <td class="otherC">\r\n                                <?php\r\n                                echo $price;\r\n                                ?>\r\n                                </td>\r\n                        </tr>\r\n                            \r\n         <?php\r\n         \r\n  \r\n         \r\n          \r\n          break;\r\n               }\r\n     }\r\n }\r\n          ?>\r\n              </tr>\r\n   </table>   \r\n                </div>\r\n            </div>\r\n        </div>\r\n    </section>', 'Oferta', '', 'inherit', 'closed', 'closed', '', '18-revision-v1', '', '', '2016-10-18 19:02:00', '2016-10-18 17:02:00', '', 18, 'http://www.chwiledwie.pl/d1/index.php/2016/10/18/18-revision-v1/', 0, 'revision', '', 0),
(21, 1, '2016-10-18 19:06:05', '2016-10-18 17:06:05', '<!-- Team Section -->\r\n    <section id="team" class="bg-light-gray">\r\n        <div class="container">\r\n            <div class="row">\r\n                <div class="col-lg-12 text-center">\r\n                    <h2 class="section-heading">Zespół</h2>\r\n                    <h3 class="section-subheading text-muted">Czym, że jest spotkanie przy muzyce? Chwile dwie to są...</h3>\r\n                </div>\r\n            </div>\r\n            <div class="row">\r\n                <div class="col-sm-12">\r\n                    <div class="team-member">\r\n                        <img src="http://www.chwiledwie.pl/d1/wp-content/uploads/2016/10/me.jpg" class="img-responsive img-circle" alt="">\r\n\r\n                        <h4>Michał Biel</h4>\r\n                        <p class="text-muted">klawisz i wokal</p>\r\n                        \r\n                    </div>\r\n                </div>\r\n            </div>\r\n         <div class="row">\r\n                <div class="col-sm-12">\r\n                    <div class="team-member">\r\n                        <img src="http://www.chwiledwie.pl/d1/wp-content/uploads/2016/10/me3.jpg" class="img-responsive img-circle" alt="">\r\n\r\n                        <h4>Grzegorz Tracz</h4>\r\n                        <p class="text-muted">gitara i wokal</p>  \r\n                    </div>\r\n                </div> \r\n            </div>\r\n            </div>\r\n    </section>\r\n\r\n    <!-- Clients Aside -->\r\n    <aside class="clients">\r\n        <div class="container">\r\n            <div class="row">\r\n                <div class="col-lg-12 text-center">\r\n                   \r\n                        <h2 class="section-heading">Odbyliśmy szkolenie</h2>\r\n                        <h3 class="section-subheading text-muted">Oto jeden z naszych certyfikatów...</h3>\r\n                        <img src="http://www.chwiledwie.pl/d1/wp-content/uploads/2016/10/cert.jpg" class="img-responsive img-centered" alt="">\r\n\r\n                </div>\r\n                \r\n            </div>\r\n        </div>\r\n    </aside>', 'Zespół', '', 'publish', 'closed', 'closed', '', 'zespol', '', '', '2016-10-18 19:06:05', '2016-10-18 17:06:05', '', 0, 'http://www.chwiledwie.pl/d1/?page_id=21', 0, 'page', '', 0),
(22, 1, '2016-10-18 19:03:12', '2016-10-18 17:03:12', '', 'biel michał', 'biel michał', 'inherit', 'closed', 'closed', '', 'biel-michal', '', '', '2016-10-18 19:03:12', '2016-10-18 17:03:12', '', 21, 'http://www.chwiledwie.pl/d1/wp-content/uploads/2016/10/me.jpg', 0, 'attachment', 'image/jpeg', 0),
(23, 1, '2016-10-18 19:03:21', '2016-10-18 17:03:21', '', 'biel michał', 'biel michał', 'inherit', 'closed', 'closed', '', 'biel-michal-2', '', '', '2016-10-18 19:03:21', '2016-10-18 17:03:21', '', 21, 'http://www.chwiledwie.pl/d1/wp-content/uploads/2016/10/me3.jpg', 0, 'attachment', 'image/jpeg', 0),
(24, 1, '2016-10-18 19:04:05', '2016-10-18 17:04:05', '<!-- Team Section -->\r\n    <section id="team" class="bg-light-gray">\r\n        <div class="container">\r\n            <div class="row">\r\n                <div class="col-lg-12 text-center">\r\n                    <h2 class="section-heading">Zespół</h2>\r\n                    <h3 class="section-subheading text-muted">Czym, że jest spotkanie przy muzyce? Chwile dwie to są...</h3>\r\n                </div>\r\n            </div>\r\n            <div class="row">\r\n                <div class="col-sm-12">\r\n                    <div class="team-member">\r\n                        <img src="http://www.chwiledwie.pl/d1/wp-content/uploads/2016/10/me.jpg" class="img-responsive img-circle" alt="">\r\n\r\n                        <h4>Michał Biel</h4>\r\n                        <p class="text-muted">klawisz i wokal</p>\r\n                        \r\n                    </div>\r\n                </div>\r\n            </div>\r\n         <div class="row">\r\n                <div class="col-sm-12">\r\n                    <div class="team-member">\r\n                        <img src="http://www.chwiledwie.pl/d1/wp-content/uploads/2016/10/me3.jpg" class="img-responsive img-circle" alt="">\r\n\r\n                        <h4>Grzegorz Tracz</h4>\r\n                        <p class="text-muted">gitara i wokal</p>  \r\n                    </div>\r\n                </div> \r\n            </div>\r\n            </div>\r\n    </section>\r\n\r\n    <!-- Clients Aside -->\r\n    <aside class="clients">\r\n        <div class="container">\r\n            <div class="row">\r\n                <div class="col-lg-12 text-center">\r\n                   \r\n                        <h2 class="section-heading">Odbyliśmy szkolenie</h2>\r\n                        <h3 class="section-subheading text-muted">Oto jeden z naszych certyfikatów...</h3>\r\n                        <img src="img/logos/cert.jpg" class="img-responsive img-centered" alt="">\r\n                   \r\n                </div>\r\n                \r\n            </div>\r\n        </div>\r\n    </aside>', 'Zespół', '', 'inherit', 'closed', 'closed', '', '21-revision-v1', '', '', '2016-10-18 19:04:05', '2016-10-18 17:04:05', '', 21, 'http://www.chwiledwie.pl/d1/index.php/2016/10/18/21-revision-v1/', 0, 'revision', '', 0),
(25, 1, '2016-10-18 19:04:31', '2016-10-18 17:04:31', '', 'escape', '', 'inherit', 'closed', 'closed', '', 'escape', '', '', '2016-10-18 19:04:31', '2016-10-18 17:04:31', '', 21, 'http://www.chwiledwie.pl/d1/wp-content/uploads/2016/10/escape.png', 0, 'attachment', 'image/png', 0),
(26, 1, '2016-10-18 19:05:00', '2016-10-18 17:05:00', '', 'OLYMPUS DIGITAL CAMERA', 'OLYMPUS DIGITAL CAMERA', 'inherit', 'closed', 'closed', '', 'olympus-digital-camera-2', '', '', '2016-10-18 19:05:00', '2016-10-18 17:05:00', '', 21, 'http://www.chwiledwie.pl/d1/wp-content/uploads/2016/10/cert.jpg', 0, 'attachment', 'image/jpeg', 0),
(27, 1, '2016-10-18 19:05:51', '2016-10-18 17:05:51', '<!-- Team Section -->\r\n    <section id="team" class="bg-light-gray">\r\n        <div class="container">\r\n            <div class="row">\r\n                <div class="col-lg-12 text-center">\r\n                    <h2 class="section-heading">Zespół</h2>\r\n                    <h3 class="section-subheading text-muted">Czym, że jest spotkanie przy muzyce? Chwile dwie to są...</h3>\r\n                </div>\r\n            </div>\r\n            <div class="row">\r\n                <div class="col-sm-12">\r\n                    <div class="team-member">\r\n                        <img src="http://www.chwiledwie.pl/d1/wp-content/uploads/2016/10/me.jpg" class="img-responsive img-circle" alt="">\r\n\r\n                        <h4>Michał Biel</h4>\r\n                        <p class="text-muted">klawisz i wokal</p>\r\n                        \r\n                    </div>\r\n                </div>\r\n            </div>\r\n         <div class="row">\r\n                <div class="col-sm-12">\r\n                    <div class="team-member">\r\n                        <img src="http://www.chwiledwie.pl/d1/wp-content/uploads/2016/10/me3.jpg" class="img-responsive img-circle" alt="">\r\n\r\n                        <h4>Grzegorz Tracz</h4>\r\n                        <p class="text-muted">gitara i wokal</p>  \r\n                    </div>\r\n                </div> \r\n            </div>\r\n            </div>\r\n    </section>\r\n\r\n    <!-- Clients Aside -->\r\n    <aside class="clients">\r\n        <div class="container">\r\n            <div class="row">\r\n                <div class="col-lg-12 text-center">\r\n                   \r\n                        <h2 class="section-heading">Odbyliśmy szkolenie</h2>\r\n                        <h3 class="section-subheading text-muted">Oto jeden z naszych certyfikatów...</h3>\r\n                        <img src="http://www.chwiledwie.pl/d1/wp-content/uploads/2016/10/cert.jpg" class="img-responsive img-centered" alt="">\r\n\r\n                </div>\r\n                \r\n            </div>\r\n        </div>\r\n    </aside>', 'Zespół', '', 'inherit', 'closed', 'closed', '', '21-revision-v1', '', '', '2016-10-18 19:05:51', '2016-10-18 17:05:51', '', 21, 'http://www.chwiledwie.pl/d1/index.php/2016/10/18/21-revision-v1/', 0, 'revision', '', 0),
(28, 1, '2016-10-18 19:06:41', '2016-10-18 17:06:41', '<!-- Map Section -->\r\n    <section id="dojazd" class="bg-light-gray">\r\n        <div class="container">\r\n            <div class="row">\r\n                <div class="col-lg-12 text-center">\r\n                    <h2 class="section-heading">Dojazd</h2>\r\n                    <h3 class="section-subheading text-muted">Tak do nas trafisz...</h3>\r\n                </div>\r\n            </div>\r\n            <div class="row">\r\n                <div class="col-sm-12">\r\n                    <div class="team-member">\r\n                        <iframe src="https://www.google.com/maps/embed?pb=!1m18!1m12!1m3!1d2393.316515116507!2d17.594880715466626!3d53.14041387993636!2m3!1f0!2f0!3f0!3m2!1i1024!2i768!4f13.1!3m3!1m2!1s0x4703a030947992cd%3A0x61b70967322b198d!2saleja+Mickiewicza%2C+Nak%C5%82o+nad+Noteci%C4%85!5e0!3m2!1spl!2spl!4v1476270502728" width="600" height="450" frameborder="0" style="border:0" allowfullscreen></iframe>\r\n                        <iframe src="https://www.google.com/maps/embed?pb=!1m14!1m12!1m3!1d2866.8284382240895!2d17.5948807161094!3d53.14041387993626!2m3!1f0!2f0!3f0!3m2!1i1024!2i768!4f13.1!5e1!3m2!1spl!2spl!4v1476547535940" width="600" height="450" frameborder="0" style="border:0" allowfullscreen></iframe>\r\n                        <h4 style="margin-bottom: 2em;">Lokalizacja:</h4>\r\n                        <p class="text-muted">Naklo nad Notecia</p>\r\n                        <p class="text-muted">89-100</p>\r\n                        <p class="text-muted">Kujawsko-Pomorskie</p>\r\n                        <p class="text-info">E-mail: chwiledwie@chwiledwie.pl</p>\r\n                        <p class="text-info">Telefon: +48 000 00 00 00</p>\r\n                    \r\n                    </div>\r\n                </div>\r\n               \r\n            </div>\r\n            \r\n        </div>\r\n    </section>', 'Dojazd', '', 'publish', 'closed', 'closed', '', 'dojazd', '', '', '2016-10-18 19:07:48', '2016-10-18 17:07:48', '', 0, 'http://www.chwiledwie.pl/d1/?page_id=28', 0, 'page', '', 0),
(29, 1, '2016-10-18 19:06:41', '2016-10-18 17:06:41', '<!-- Map Section -->\r\n    <section id="dojazd" class="bg-light-gray">\r\n        <div class="container">\r\n            <div class="row">\r\n                <div class="col-lg-12 text-center">\r\n                    <h2 class="section-heading">Dojazd</h2>\r\n                    <h3 class="section-subheading text-muted">Tak do nas trafisz...</h3>\r\n                </div>\r\n            </div>\r\n            <div class="row">\r\n                <div class="col-sm-12">\r\n                    <div class="team-member">\r\n                        <iframe src="https://www.google.com/maps/embed?pb=!1m18!1m12!1m3!1d2393.316515116507!2d17.594880715466626!3d53.14041387993636!2m3!1f0!2f0!3f0!3m2!1i1024!2i768!4f13.1!3m3!1m2!1s0x4703a030947992cd%3A0x61b70967322b198d!2saleja+Mickiewicza%2C+Nak%C5%82o+nad+Noteci%C4%85!5e0!3m2!1spl!2spl!4v1476270502728" width="600" height="450" frameborder="0" style="border:0" allowfullscreen></iframe>\r\n                        <iframe src="https://www.google.com/maps/embed?pb=!1m14!1m12!1m3!1d2866.8284382240895!2d17.5948807161094!3d53.14041387993626!2m3!1f0!2f0!3f0!3m2!1i1024!2i768!4f13.1!5e1!3m2!1spl!2spl!4v1476547535940" width="600" height="450" frameborder="0" style="border:0" allowfullscreen></iframe>\r\n                        <h4 style="margin-bottom: 2em;">Lokalizacja:</h4>\r\n                        <p class="text-muted">Naklo nad Notecia</p>\r\n                        <p class="text-muted">89-100</p>\r\n                        <p class="text-muted">Kujawsko-Pomorskie</p>\r\n                        <p class="text-info">E-mail: chwiledwie@chwiledwie.pl</p>\r\n                        <p class="text-info">Telefon: +48 000 00 00 00</p>\r\n                    \r\n                    </div>\r\n                </div>\r\n               \r\n            </div>\r\n            \r\n        </div>\r\n    </section>', 'Dojazd', '', 'inherit', 'closed', 'closed', '', '28-revision-v1', '', '', '2016-10-18 19:06:41', '2016-10-18 17:06:41', '', 28, 'http://www.chwiledwie.pl/d1/index.php/2016/10/18/28-revision-v1/', 0, 'revision', '', 0),
(30, 1, '2016-10-18 20:13:40', '2016-10-18 18:13:40', '<!-- Map Section -->\n    <section id="dojazd" class="bg-light-gray">\n        <div class="container">\n            <div class="row">\n                <div class="col-lg-12 text-center">\n                    <h2 class="section-heading">Dojazd</h2>\n                    <h3 class="section-subheading text-muted">Tak do nas trafisz...</h3>\n                </div>\n            </div>\n            <div class="row">\n                <div class="col-sm-12">\n                    <div class="team-member">\n                        <iframe src="https://www.google.com/maps/embed?pb=!1m18!1m12!1m3!1d2393.316515116507!2d17.594880715466626!3d53.14041387993636!2m3!1f0!2f0!3f0!3m2!1i1024!2i768!4f13.1!3m3!1m2!1s0x4703a030947992cd%3A0x61b70967322b198d!2saleja+Mickiewicza%2C+Nak%C5%82o+nad+Noteci%C4%85!5e0!3m2!1spl!2spl!4v1476270502728" width="600" height="450" frameborder="0" style="border:0" allowfullscreen></iframe>\n                        <iframe src="https://www.google.com/maps/embed?pb=!1m14!1m12!1m3!1d2866.8284382240895!2d17.5948807161094!3d53.14041387993626!2m3!1f0!2f0!3f0!3m2!1i1024!2i768!4f13.1!5e1!3m2!1spl!2spl!4v1476547535940" width="600" height="450" frameborder="0" style="border:0" allowfullscreen></iframe>\n                        <h4 style="margin-bottom: 2em;">Lokalizacja:</h4>\n                        <p class="text-muted">Naklo nad Notecia</p>\n                        <p class="text-muted">89-100</p>\n                        <p class="text-muted">Kujawsko-Pomorskie</p>\n                        <p class="text-info">E-mail: chwiledwie@chwiledwie.pl</p>\n                        <p class="text-info">Telefon: +48 000 00 00 00</p>\n                    [caption id="attachment_26" align="alignnone" width="640"]<img src="http://www.chwiledwie.pl/d1/wp-content/uploads/2016/10/cert.jpg" alt="OLYMPUS DIGITAL CAMERA" width="640" height="960" class="size-full wp-image-26" /> OLYMPUS DIGITAL CAMERA[/caption]\n                    </div>\n                </div>\n               \n            </div>\n            \n        </div>\n    </section>', 'Dojazd', '', 'inherit', 'closed', 'closed', '', '28-autosave-v1', '', '', '2016-10-18 20:13:40', '2016-10-18 18:13:40', '', 28, 'http://www.chwiledwie.pl/d1/index.php/2016/10/18/28-autosave-v1/', 0, 'revision', '', 0),
(31, 1, '2016-10-18 19:08:10', '2016-10-18 17:08:10', ' ', '', '', 'publish', 'closed', 'closed', '', '31', '', '', '2016-10-18 19:08:10', '2016-10-18 17:08:10', '', 0, 'http://www.chwiledwie.pl/d1/?p=31', 2, 'nav_menu_item', '', 0),
(32, 1, '2016-10-18 19:08:10', '2016-10-18 17:08:10', ' ', '', '', 'publish', 'closed', 'closed', '', '32', '', '', '2016-10-18 19:08:10', '2016-10-18 17:08:10', '', 0, 'http://www.chwiledwie.pl/d1/?p=32', 3, 'nav_menu_item', '', 0),
(33, 1, '2016-10-18 19:08:10', '2016-10-18 17:08:10', ' ', '', '', 'publish', 'closed', 'closed', '', '33', '', '', '2016-10-18 19:08:10', '2016-10-18 17:08:10', '', 0, 'http://www.chwiledwie.pl/d1/?p=33', 4, 'nav_menu_item', '', 0);
INSERT INTO `wp_1posts` (`ID`, `post_author`, `post_date`, `post_date_gmt`, `post_content`, `post_title`, `post_excerpt`, `post_status`, `comment_status`, `ping_status`, `post_password`, `post_name`, `to_ping`, `pinged`, `post_modified`, `post_modified_gmt`, `post_content_filtered`, `post_parent`, `guid`, `menu_order`, `post_type`, `post_mime_type`, `comment_count`) VALUES
(34, 1, '2016-10-18 19:19:33', '2016-10-18 17:19:33', '<!-- Historia Section -->\r\n    <section id="historia"  class="bg-light-gray">\r\n        <div class="container">\r\n            <div class="row">\r\n                <div class="col-lg-12 text-center">\r\n<object classid="clsid:D27CDB6E-AE6D-11cf-96B8-444553540000" codebase="http://download.macromedia.com/pub/shockwave/cabs/flash/swflash.cab#version=8,0,0,0" width="295" height="68">\r\n<param name="movie" value="flashvortex.swf" />\r\n<param name="quality" value="best" />\r\n<param name="menu" value="true" />\r\n<param name="allowScriptAccess" value="sameDomain" />\r\n<embed src="flashvortex.swf" quality="best" menu="true" width="295" height="68" type="application/x-shockwave-flash" pluginspage="http://www.macromedia.com/go/getflashplayer" allowScriptAccess="sameDomain" />\r\n</object>\r\n\r\n\r\n                    <h2 class="section-heading">O nas</h2>\r\n                    <h3 class="section-subheading text-muted">Moja historia...</h3>\r\n                </div>\r\n            </div>\r\n            <div class="row text-center">\r\n                \r\n                \r\n                    \r\n                \r\n                <div class="col-md-12">\r\n                    <h4 class="service-heading">Jak to się zaczeło?</h4>\r\n                    \r\n                    <img src="http://www.chwiledwie.pl/d1/wp-content/uploads/2016/10/pancompany.jpg"" class="img-responsive img-rounded myimg1"/>\r\n                 \r\n                    <p class="text-muted p1 ">Kiedy miałem 9 lat, będąc u kolegi, mialem okazję podejrzeć grę na keyboardzie. \r\n                        Bardzo mi się spodobała gra właśnie na tym instrumencie.\r\n                    Kolega zagrał mi utwór "Yesterday" Beatlesów. \r\n                    Wtedy mój tata widząc moje zainteresowanie zapytał, czy też chcę uczyć się grać. \r\n                    Odpowiedź była oczywista: Tak!\r\n                    \r\n                    </p>\r\n                    \r\n                    <p class="text-muted p1 ">\r\n                        Uczyełm się przez 5 lat pod okiem śp. Henryka Kudlickiego z Bydgoszczy. \r\n                        Po tym okresie był moment przerwy, niechęci do grania.\r\n                        Grałem sporadycznie. Aż w końcu wróciłem do gry. \r\n                        Po pewnym czasie kupiłem nowy instrument i zabawa zaczęła się na dobre.\r\n                        Wybór padł na keyboar: Yamaha PSR-S950. \r\n                    </p>\r\n                    \r\n                   \r\n                     <img src="http://www.chwiledwie.pl/d1/wp-content/uploads/2016/10/morff.gif" class="img-responsive img-rounded myimg1"/>\r\n                   \r\n                    \r\n                    \r\n                    <p class="text-muted p1 ">\r\n                        W roku 2014, w miesiącu wrześniu odbyły się warsztaty muzyczne pt.: Programowanie instrumentó klawiszowych YAMAHA.\r\n                        Do nadmorskiej miejscowości Sianożęty przybyło kilkanaście osób z kraju i zagranicy,\r\n                        gdzie w hotelu Imperiall przez 2 dni poznawaliśmy tajniki flagowych produktów firmy Yamaha.\r\n                        Oprócz obsługi instrumentów mogliśmy, także poznać od kuchni tworzenie plików STYLE i MIDI firmy Camaro24. \r\n                    </p>\r\n                    \r\n                   \r\n                </div>\r\n                \r\n               \r\n                \r\n                \r\n            </div>\r\n        </div>\r\n    </section>', 'Historia', '', 'inherit', 'closed', 'closed', '', '10-autosave-v1', '', '', '2016-10-18 19:19:33', '2016-10-18 17:19:33', '', 10, 'http://www.chwiledwie.pl/d1/index.php/2016/10/18/10-autosave-v1/', 0, 'revision', '', 0),
(35, 1, '2016-10-18 19:19:48', '2016-10-18 17:19:48', '<!-- Historia Section -->\r\n    <section id="historia"  class="bg-light-gray">\r\n        <div class="container">\r\n            <div class="row">\r\n                <div class="col-lg-12 text-center">\r\n<object classid="clsid:D27CDB6E-AE6D-11cf-96B8-444553540000" codebase="http://download.macromedia.com/pub/shockwave/cabs/flash/swflash.cab#version=8,0,0,0" width="295" height="68">\r\n<param name="movie" value="flashvortex.swf" />\r\n<param name="quality" value="best" />\r\n<param name="menu" value="true" />\r\n<param name="allowScriptAccess" value="sameDomain" />\r\n<embed src="flashvortex.swf" quality="best" menu="true" width="295" height="68" type="application/x-shockwave-flash" pluginspage="http://www.macromedia.com/go/getflashplayer" allowScriptAccess="sameDomain" />\r\n</object>\r\n\r\n\r\n                    <h2 class="section-heading">O nas</h2>\r\n                    <h3 class="section-subheading text-muted">Moja historia...</h3>\r\n                </div>\r\n            </div>\r\n            <div class="row text-center">\r\n                \r\n                \r\n                    \r\n                \r\n                <div class="col-md-12">\r\n                    <h4 class="service-heading">Jak to się zaczeło?</h4>\r\n                    \r\n                    <img src="http://www.chwiledwie.pl/d1/wp-content/uploads/2016/10/pancompany.jpg"" class="img-responsive img-rounded myimg1"/>\r\n                 \r\n                    <p class="text-muted p1 ">Kiedy miałem 9 lat, będąc u kolegi, mialem okazję podejrzeć grę na keyboardzie. \r\n                        Bardzo mi się spodobała gra właśnie na tym instrumencie.\r\n                    Kolega zagrał mi utwór "Yesterday" Beatlesów. \r\n                    Wtedy mój tata widząc moje zainteresowanie zapytał, czy też chcę uczyć się grać. \r\n                    Odpowiedź była oczywista: Tak!\r\n                    \r\n                    </p>\r\n                    \r\n                    <p class="text-muted p1 ">\r\n                        Uczyełm się przez 5 lat pod okiem śp. Henryka Kudlickiego z Bydgoszczy. \r\n                        Po tym okresie był moment przerwy, niechęci do grania.\r\n                        Grałem sporadycznie. Aż w końcu wróciłem do gry. \r\n                        Po pewnym czasie kupiłem nowy instrument i zabawa zaczęła się na dobre.\r\n                        Wybór padł na keyboar: Yamaha PSR-S950. \r\n                    </p>\r\n                    \r\n                   \r\n                     <img src="http://www.chwiledwie.pl/d1/wp-content/uploads/2016/10/morff.gif" class="img-responsive img-rounded myimg1"/>\r\n                   \r\n                    \r\n                    \r\n                    <p class="text-muted p1 ">\r\n                        W roku 2014, w miesiącu wrześniu odbyły się warsztaty muzyczne pt.: Programowanie instrumentó klawiszowych YAMAHA.\r\n                        Do nadmorskiej miejscowości Sianożęty przybyło kilkanaście osób z kraju i zagranicy,\r\n                        gdzie w hotelu Imperiall przez 2 dni poznawaliśmy tajniki flagowych produktów firmy Yamaha.\r\n                        Oprócz obsługi instrumentów mogliśmy, także poznać od kuchni tworzenie plików STYLE i MIDI firmy Camaro24. \r\n                    </p>\r\n                    \r\n                   \r\n                </div>\r\n                \r\n               \r\n                \r\n                \r\n            </div>\r\n        </div>\r\n    </section>', 'Historia', '', 'inherit', 'closed', 'closed', '', '10-revision-v1', '', '', '2016-10-18 19:19:48', '2016-10-18 17:19:48', '', 10, 'http://www.chwiledwie.pl/d1/index.php/2016/10/18/10-revision-v1/', 0, 'revision', '', 0);

-- --------------------------------------------------------

--
-- Struktura tabeli dla tabeli `wp_1termmeta`
--

CREATE TABLE IF NOT EXISTS `wp_1termmeta` (
  `meta_id` bigint(20) unsigned NOT NULL AUTO_INCREMENT,
  `term_id` bigint(20) unsigned NOT NULL DEFAULT '0',
  `meta_key` varchar(255) COLLATE utf8mb4_unicode_ci DEFAULT NULL,
  `meta_value` longtext COLLATE utf8mb4_unicode_ci,
  PRIMARY KEY (`meta_id`),
  KEY `term_id` (`term_id`),
  KEY `meta_key` (`meta_key`(191))
) ENGINE=InnoDB DEFAULT CHARSET=utf8mb4 COLLATE=utf8mb4_unicode_ci AUTO_INCREMENT=1 ;

-- --------------------------------------------------------

--
-- Struktura tabeli dla tabeli `wp_1terms`
--

CREATE TABLE IF NOT EXISTS `wp_1terms` (
  `term_id` bigint(20) unsigned NOT NULL AUTO_INCREMENT,
  `name` varchar(200) COLLATE utf8mb4_unicode_ci NOT NULL DEFAULT '',
  `slug` varchar(200) COLLATE utf8mb4_unicode_ci NOT NULL DEFAULT '',
  `term_group` bigint(10) NOT NULL DEFAULT '0',
  PRIMARY KEY (`term_id`),
  KEY `slug` (`slug`(191)),
  KEY `name` (`name`(191))
) ENGINE=InnoDB  DEFAULT CHARSET=utf8mb4 COLLATE=utf8mb4_unicode_ci AUTO_INCREMENT=3 ;

--
-- Zrzut danych tabeli `wp_1terms`
--

INSERT INTO `wp_1terms` (`term_id`, `name`, `slug`, `term_group`) VALUES
(1, 'Bez kategorii', 'bez-kategorii', 0),
(2, 'Moje', 'moje', 0);

-- --------------------------------------------------------

--
-- Struktura tabeli dla tabeli `wp_1term_relationships`
--

CREATE TABLE IF NOT EXISTS `wp_1term_relationships` (
  `object_id` bigint(20) unsigned NOT NULL DEFAULT '0',
  `term_taxonomy_id` bigint(20) unsigned NOT NULL DEFAULT '0',
  `term_order` int(11) NOT NULL DEFAULT '0',
  PRIMARY KEY (`object_id`,`term_taxonomy_id`),
  KEY `term_taxonomy_id` (`term_taxonomy_id`)
) ENGINE=InnoDB DEFAULT CHARSET=utf8mb4 COLLATE=utf8mb4_unicode_ci;

--
-- Zrzut danych tabeli `wp_1term_relationships`
--

INSERT INTO `wp_1term_relationships` (`object_id`, `term_taxonomy_id`, `term_order`) VALUES
(17, 2, 0),
(31, 2, 0),
(32, 2, 0),
(33, 2, 0);

-- --------------------------------------------------------

--
-- Struktura tabeli dla tabeli `wp_1term_taxonomy`
--

CREATE TABLE IF NOT EXISTS `wp_1term_taxonomy` (
  `term_taxonomy_id` bigint(20) unsigned NOT NULL AUTO_INCREMENT,
  `term_id` bigint(20) unsigned NOT NULL DEFAULT '0',
  `taxonomy` varchar(32) COLLATE utf8mb4_unicode_ci NOT NULL DEFAULT '',
  `description` longtext COLLATE utf8mb4_unicode_ci NOT NULL,
  `parent` bigint(20) unsigned NOT NULL DEFAULT '0',
  `count` bigint(20) NOT NULL DEFAULT '0',
  PRIMARY KEY (`term_taxonomy_id`),
  UNIQUE KEY `term_id_taxonomy` (`term_id`,`taxonomy`),
  KEY `taxonomy` (`taxonomy`)
) ENGINE=InnoDB  DEFAULT CHARSET=utf8mb4 COLLATE=utf8mb4_unicode_ci AUTO_INCREMENT=3 ;

--
-- Zrzut danych tabeli `wp_1term_taxonomy`
--

INSERT INTO `wp_1term_taxonomy` (`term_taxonomy_id`, `term_id`, `taxonomy`, `description`, `parent`, `count`) VALUES
(1, 1, 'category', '', 0, 0),
(2, 2, 'nav_menu', '', 0, 4);

-- --------------------------------------------------------

--
-- Struktura tabeli dla tabeli `wp_1usermeta`
--

CREATE TABLE IF NOT EXISTS `wp_1usermeta` (
  `umeta_id` bigint(20) unsigned NOT NULL AUTO_INCREMENT,
  `user_id` bigint(20) unsigned NOT NULL DEFAULT '0',
  `meta_key` varchar(255) COLLATE utf8mb4_unicode_ci DEFAULT NULL,
  `meta_value` longtext COLLATE utf8mb4_unicode_ci,
  PRIMARY KEY (`umeta_id`),
  KEY `user_id` (`user_id`),
  KEY `meta_key` (`meta_key`(191))
) ENGINE=InnoDB  DEFAULT CHARSET=utf8mb4 COLLATE=utf8mb4_unicode_ci AUTO_INCREMENT=22 ;

--
-- Zrzut danych tabeli `wp_1usermeta`
--

INSERT INTO `wp_1usermeta` (`umeta_id`, `user_id`, `meta_key`, `meta_value`) VALUES
(1, 1, 'nickname', 'bielik.19'),
(2, 1, 'first_name', ''),
(3, 1, 'last_name', ''),
(4, 1, 'description', ''),
(5, 1, 'rich_editing', 'true'),
(6, 1, 'comment_shortcuts', 'false'),
(7, 1, 'admin_color', 'fresh'),
(8, 1, 'use_ssl', '0'),
(9, 1, 'show_admin_bar_front', 'true'),
(10, 1, 'wp_1capabilities', 'a:1:{s:13:"administrator";b:1;}'),
(11, 1, 'wp_1user_level', '10'),
(12, 1, 'dismissed_wp_pointers', ''),
(13, 1, 'show_welcome_panel', '1'),
(15, 1, 'wp_1user-settings', 'editor=html&libraryContent=browse&imgsize=full&uploader=1&mfold=o'),
(16, 1, 'wp_1user-settings-time', '1476809490'),
(17, 1, 'wp_1dashboard_quick_press_last_post_id', '3'),
(18, 1, 'nav_menu_recently_edited', '2'),
(19, 1, 'managenav-menuscolumnshidden', 'a:5:{i:0;s:11:"link-target";i:1;s:11:"css-classes";i:2;s:3:"xfn";i:3;s:11:"description";i:4;s:15:"title-attribute";}'),
(20, 1, 'metaboxhidden_nav-menus', 'a:2:{i:0;s:12:"add-post_tag";i:1;s:15:"add-post_format";}'),
(21, 1, 'session_tokens', 'a:1:{s:64:"c5fa3b53e74b0cc2ee9f8c940697130a93cdc54b3853a2f9003506455ad699a3";a:4:{s:10:"expiration";i:1476987153;s:2:"ip";s:14:"93.105.141.201";s:2:"ua";s:110:"Mozilla/5.0 (Windows NT 10.0; WOW64) AppleWebKit/537.36 (KHTML, like Gecko) Chrome/53.0.2785.143 Safari/537.36";s:5:"login";i:1476814353;}}');

-- --------------------------------------------------------

--
-- Struktura tabeli dla tabeli `wp_1users`
--

CREATE TABLE IF NOT EXISTS `wp_1users` (
  `ID` bigint(20) unsigned NOT NULL AUTO_INCREMENT,
  `user_login` varchar(60) COLLATE utf8mb4_unicode_ci NOT NULL DEFAULT '',
  `user_pass` varchar(255) COLLATE utf8mb4_unicode_ci NOT NULL DEFAULT '',
  `user_nicename` varchar(50) COLLATE utf8mb4_unicode_ci NOT NULL DEFAULT '',
  `user_email` varchar(100) COLLATE utf8mb4_unicode_ci NOT NULL DEFAULT '',
  `user_url` varchar(100) COLLATE utf8mb4_unicode_ci NOT NULL DEFAULT '',
  `user_registered` datetime NOT NULL DEFAULT '0000-00-00 00:00:00',
  `user_activation_key` varchar(255) COLLATE utf8mb4_unicode_ci NOT NULL DEFAULT '',
  `user_status` int(11) NOT NULL DEFAULT '0',
  `display_name` varchar(250) COLLATE utf8mb4_unicode_ci NOT NULL DEFAULT '',
  PRIMARY KEY (`ID`),
  KEY `user_login_key` (`user_login`),
  KEY `user_nicename` (`user_nicename`),
  KEY `user_email` (`user_email`)
) ENGINE=InnoDB  DEFAULT CHARSET=utf8mb4 COLLATE=utf8mb4_unicode_ci AUTO_INCREMENT=2 ;

--
-- Zrzut danych tabeli `wp_1users`
--

INSERT INTO `wp_1users` (`ID`, `user_login`, `user_pass`, `user_nicename`, `user_email`, `user_url`, `user_registered`, `user_activation_key`, `user_status`, `display_name`) VALUES
(1, 'bielik.19', '$P$B54Yria1gDrkk5SyOxyKC6P2/1NPrB0', 'bielik-19', 'bielik.19@wp.pl', '', '2016-10-18 16:39:57', '', 0, 'bielik.19');

--
-- Ograniczenia dla zrzutów tabel
--

--
-- Ograniczenia dla tabeli `cennik`
--
ALTER TABLE `cennik`
  ADD CONSTRAINT `konto_cennik` FOREIGN KEY (`konto`) REFERENCES `konto` (`id`) ON DELETE SET NULL ON UPDATE SET NULL;

/*!40101 SET CHARACTER_SET_CLIENT=@OLD_CHARACTER_SET_CLIENT */;
/*!40101 SET CHARACTER_SET_RESULTS=@OLD_CHARACTER_SET_RESULTS */;
/*!40101 SET COLLATION_CONNECTION=@OLD_COLLATION_CONNECTION */;
